"last_name, first_name","player_id","year","pa","k_percent","bb_percent","woba","xwoba","sweet_spot_percent","barrel_batted_rate","hard_hit_percent","avg_best_speed","avg_hyper_speed","whiff_percent","swing_percent"
"Peralta, David","444482","2024","260",20.8,8.5,".329",".314",36.8,5.5,42.3,"99.478011319","93.91992022",28.1,50.9
"Blackmon, Charlie","453568","2024","499",17.2,8.6,".323",".307",34.1,5.2,27.2,"96.083583591","92.106050111",19.2,48
"Maldonado, Martín","455117","2024","147",34.7,5.4,".181",".223",29.9,8,35.6,"98.499170952","93.412792619",36.1,49.3
"Solano, Donovan","456781","2024","309",21,7.1,".333",".310",37,3.7,37.4,"98.057695046","93.167454908",23.5,47.2
"McCutchen, Andrew","457705","2024","515",25.8,11.3,".325",".331",31.5,11.7,36.7,"99.420601139","93.81124019",28.9,42
"Turner, Justin","457759","2024","539",17.6,10.9,".327",".330",40.1,4.6,32.5,"96.702342312","92.434680753",17,45.4
"Santana, Carlos","467793","2024","594",16.7,10.9,".326",".330",30.9,7.3,39.9,"99.506124387","94.004167778",23.3,43.3
"Rojas, Miguel","500743","2024","337",10.1,6.8,".327",".314",33.2,2.5,27.8,"96.317826471","92.174445609",13.9,46.5
"Pham, Tommy","502054","2024","478",22.2,7.3,".297",".323",32.2,7.2,42.7,"101.105935449","94.883209671",22.5,40.5
"Martinez, J.D.","502110","2024","495",28.5,9.9,".318",".356",39.3,14.9,46.1,"101.443240544","95.173257041",31.5,48.5
"Goldschmidt, Paul","502671","2024","654",26.5,7.2,".310",".333",34.3,10.7,49.6,"101.892583709","95.666428146",27.4,47.7
"Altuve, Jose","514888","2024","682",17.4,6.9,".344",".318",35.4,6.5,31.2,"97.323672581","92.693762581",21.9,51.5
"Marte, Starling","516782","2024","370",21.9,7.3,".313",".338",37.1,6.9,42.9,"101.20205624","94.944189",28.1,50.2
"d'Arnaud, Travis","518595","2024","341",26.1,7,".319",".323",32.9,10.4,41,"100.537202273","94.672343091",32.8,50.7
"Freeman, Freddie","518692","2024","638",15.7,12.2,".365",".370",43.1,9.1,41.8,"100.349133067","94.527301044",20.2,49.4
"Grandal, Yasmani","518735","2024","243",18.9,9.9,".308",".327",31.8,9.8,42.8,"100.246108353","94.442007765",20.1,40.9
"Heyward, Jason","518792","2024","258",20.5,8.5,".300",".290",29.8,5.6,41.6,"99.992543146","94.178780339",24,49.6
"LeMahieu, DJ","518934","2024","228",15.4,8.3,".239",".302",31.8,5.8,37.6,"98.271498488","93.240584302",17.5,44.6
"Rizzo, Anthony","519203","2024","375",17.3,7.2,".285",".296",31,4,33.2,"97.798203577","92.909990255",19.3,49.1
"Stanton, Giancarlo","519317","2024","459",31.2,8.3,".330",".355",34.8,20.7,55.3,"108.185328759","99.180033333",34.4,46.8
"Perez, Salvador","521692","2024","652",19.8,6.7,".335",".362",39.4,12.2,44.8,"101.856275647","95.341857371",27.8,57.8
"Flores, Wilmer","527038","2024","242",13.6,8.3,".262",".286",36.6,5.9,27.6,"95.484386989","91.787573297",13.9,43.9
"Bethancourt, Christian","542194","2024","147",24.5,3.4,".263",".274",25.7,7.6,41.9,"100.460386122","94.266459184",31.2,61.4
"Ozuna, Marcell","542303","2024","688",24.7,10.8,".395",".405",40.2,15.5,53.5,"103.370699452","96.509068973",31.4,46.8
"Grossman, Robbie","543257","2024","245",23.7,13.9,".283",".290",30.3,3.3,27.6,"96.108367632","92.054845855",22.7,36.3
"Higashioka, Kyle","543309","2024","263",28.1,5.7,".314",".301",40.2,10.9,37.4,"99.356005116","93.902030409",25.2,46.4
"McCann, James","543510","2024","233",24,5.6,".288",".315",38.9,8.6,37.7,"99.207987625","93.644913774",27.4,52.1
"Rendon, Anthony","543685","2024","238",14.7,9.7,".264",".289",31.4,2.3,37.1,"97.612997471","92.991806897",12.5,40.1
"Semien, Marcus","543760","2024","718",14.6,8.9,".306",".319",33,6.6,35.2,"97.806210919","93.005121934",20.2,50
"Springer III, George","543807","2024","614",18.7,9.8,".298",".324",29.2,9.3,37.4,"99.896868","94.046929394",25.3,49.1
"Vázquez, Christian","543877","2024","315",20.6,3.5,".250",".269",36.1,3.8,36.6,"98.036944138","93.213200991",20.8,51.7
"Vargas, Ildemaro","545121","2024","303",10.2,6.3,".271",".278",29.5,1.2,31.9,"97.073438667","92.579283167",12.4,46.4
"Grichuk, Randal","545341","2024","279",16.5,7.2,".373",".368",34.3,11,47.6,"102.436633714","95.601048095",20.4,47.3
"Trout, Mike","545361","2024","126",21.4,12.7,".365",".406",40.2,17.1,41.5,"101.782849756","94.924062683",20.5,42.5
"Harper, Bryce","547180","2024","631",21.9,12,".380",".361",36.1,10.6,48.2,"102.531835097","95.63882949",26.6,52.9
"Abreu, José","547989","2024","120",23.3,3.3,".164",".199",26.7,2.3,33.7,"98.240018605","93.123486279",29.7,51.2
"Díaz, Elias","553869","2024","351",19.7,5.7,".303",".280",31,4.7,34.5,"99.032119063","93.543152344",27.8,53.8
"Suárez, Eugenio","553993","2024","640",27.5,7.7,".337",".332",40.4,11.3,42.4,"100.570552315","94.463438988",29.1,47.2
"Urshela, Gio","570482","2024","461",15.6,5,".281",".302",38.6,4.9,28.4,"96.696776409","92.394270526",20.3,54.6
"Arenado, Nolan","571448","2024","635",14.5,6.9,".314",".297",35.9,3.2,31.6,"96.924147927","92.483246402",17.2,46.8
"Farmer, Kyle","571657","2024","242",20.2,7.9,".285",".295",36.3,5.4,29.8,"97.025598571","92.547452202",22,48.5
"Haniger, Mitch","571745","2024","423",29.8,9.5,".277",".294",31,9,45.9,"101.021551732","95.105264331",32.3,44
"Hernández, Enrique","571771","2024","393",19.6,6.9,".285",".285",36,4.8,41.5,"99.326670699","93.89398972",22.9,48.9
"Maile, Luke","571912","2024","154",33.8,8.4,".241",".240",37.6,3.5,24.7,"95.22202881","91.660711687",28.8,45.2
"Muncy, Max","571970","2024","293",26.3,15.4,".362",".353",32.5,10.8,43.4,"100.775015181","94.752278735",31,40.6
"Singleton, Jon","572138","2024","405",27.4,11.6,".312",".310",34.8,8.9,37.2,"99.784248293","93.99841",30.1,40.7
"Taylor, Michael A.","572191","2024","300",35,7.7,".242",".272",31.4,11.6,40.1,"100.583164074","94.548357778",39,49.3
"Walker, Christian","572233","2024","552",24.1,10,".343",".354",35,13.3,48,"103.127969548","96.011102521",25.6,48
"Carpenter, Matt","572761","2024","157",32.5,9.6,".303",".292",46.6,6.8,28.7,"96.566800238","92.292438452",28.9,42.5
"Yastrzemski, Mike","573262","2024","474",26.2,8,".319",".304",33,10.5,41,"99.549726267","94.1835",26.1,44.1
"Contreras, Willson","575929","2024","358",26.8,12.6,".370",".366",32.7,11.2,46.8,"103.712134757","96.17214078",35,49.8
"Iglesias, Jose","578428","2024","291",13.4,4.1,".362",".312",36.2,2.2,30.6,"96.964592759","92.513387672",15.2,52.5
"Bryant, Kris","592178","2024","155",31,8.4,".287",".293",39.5,4.7,30.2,"96.785346744","92.39417314",36.9,47.7
"Canha, Mark","592192","2024","462",20.8,11,".310",".290",31.5,3.3,37.4,"98.159166424","93.219326921",21.8,41.6
"Casali, Curt","592200","2024","125",17.6,10.4,".254",".269",34.1,1.1,17,"92.639693256","90.480278353",18.9,43.3
"Castellanos, Nick","592206","2024","659",21.1,6.2,".321",".335",39,8.1,38.2,"99.266703034","93.738511581",30.1,58
"Drury, Brandon","592273","2024","360",22.5,7.5,".217",".261",25.9,3.6,35.6,"99.062132195","93.550623821",24.4,46.7
"Judge, Aaron","592450","2024","704",24.3,18.9,".476",".484",40.8,26.9,61,"107.20043567","99.103701521",30.7,42
"Machado, Manny","592518","2024","643",19.3,7,".340",".338",33.8,11,48.8,"103.370494128","96.17209183",24.4,51.6
"Pederson, Joc","592626","2024","449",23.4,12.2,".391",".381",34.2,12.8,46.2,"102.648599462","95.864061892",25,44
"Realmuto, J.T.","592663","2024","413",24.7,6.5,".326",".344",36.9,10.4,46.6,"101.248653813","94.909982842",26.2,50.5
"Renfroe, Hunter","592669","2024","424",19.8,8.5,".302",".292",27.8,6.6,39.4,"100.265103311","94.256549636",23.4,44.4
"Rosario, Eddie","592696","2024","319",24.1,5,".230",".259",27.9,5.3,42.5,"99.203116161","94.098201031",27.4,52.9
"Yelich, Christian","592885","2024","315",18.4,12.7,".391",".376",32.2,7.9,46.7,"103.017733429","96.008981238",22.9,45.7
"Merrifield, Whit","593160","2024","335",15.5,10.4,".283",".297",34.3,2.4,21.6,"94.385287083","91.220749372",18.5,45.4
"Bogaerts, Xander","593428","2024","463",17.1,6,".300",".306",32.1,5.1,33.2,"98.125304802","93.133969802",18.3,44.2
"Polanco, Jorge","593871","2024","468",29.3,9.8,".288",".311",35.9,8.9,37.4,"99.204331655","93.755834657",28.1,44.8
"Duvall, Adam","594807","2024","330",30,6.4,".252",".289",27.8,10.7,36.6,"99.791319515","93.950920683",27.7,49
"Kiermaier, Kevin","595281","2024","281",30.6,4.3,".241",".233",27.6,3.9,30,"97.683193765","92.874723706",37.1,54.9
"Profar, Jurickson","595777","2024","668",15.1,11.4,".365",".364",31.3,7.2,44.4,"100.952441293","94.862553707",16.9,45.6
"Báez, Javier","595879","2024","289",23.9,4.2,".224",".268",27.7,7.8,40,"100.532651165","94.368542976",30.2,52.4
"Cave, Jake","595909","2024","346",28.3,5.2,".295",".277",35.8,5.2,37.1,"98.314485398","93.366757022",28.2,52.6
"Hedges, Austin","595978","2024","146",34.2,4.1,".191",".164",24.1,1.1,24.1,"94.678255122","91.400617284",32.2,54.5
"Lindor, Francisco","596019","2024","689",18.4,8.1,".363",".382",35.4,13.6,47.4,"101.098117236","95.07615815",23.7,48.7
"Slater, Austin","596103","2024","212",28.3,12.3,".273",".302",37.2,3.3,37.2,"98.373260169","93.491320256",29.6,43
"Story, Trevor","596115","2024","106",31.1,10.4,".318",".258",37.7,6.6,29.5,"96.376017419","92.31155377",30.3,52.3
"Stubbs, Garrett","596117","2024","187",26.7,9.1,".258",".249",40.9,0,9.6,"90.095995","89.651776916",24.3,49.6
"Sánchez, Gary","596142","2024","280",27.1,9.6,".307",".315",31.4,10.5,44.2,"101.892350698","95.129594012",30.4,40.7
"Kepler, Max","596146","2024","399",20.1,5.5,".298",".302",35.4,6.2,36.8,"99.569991319","93.867541875",24.4,52.3
"Candelario, Jeimer","600869","2024","463",24.6,5.8,".304",".284",33.9,8.2,34.5,"97.855535823","92.968221397",29.1,51.7
"Urías, Ramón","602104","2024","301",18.3,7.6,".325",".331",32.6,8.7,38.5,"98.830197431","93.627220321",26.8,49.6
"Ahmed, Nick","605113","2024","228",22.4,4.8,".248",".261",29.7,3,23,"95.399118608","91.729839045",26,54.8
"Barnes, Austin","605131","2024","156",23.1,9,".289",".269",30.2,1.9,31.1,"96.963688654","92.484081538",22.8,47.4
"Bell, Josh","605137","2024","603",19.9,8.5,".317",".315",31.4,7.6,40.1,"100.078711292","94.16958744",26.8,48.8
"Betts, Mookie","605141","2024","516",11,11.8,".371",".363",39.3,6,39.5,"98.50877402","93.575257103",14.9,40.4
"Caratini, Victor","605170","2024","274",19.3,8.4,".324",".326",35.9,5.6,43.1,"100.532909694","94.888518923",23.3,47.2
"Davis, J.D.","605204","2024","157",24.8,7.6,".282",".284",24.3,8.7,43.7,"101.438864902","94.978441569",34.8,51.4
"Martini, Nick","605361","2024","163",23.3,5.5,".279",".278",32.4,7.2,34.2,"98.233857857","93.416418378",24.8,49.6
"Arcia, Orlando","606115","2024","602",21.3,6.8,".273",".263",29.9,5.3,37.8,"98.41985743","93.283896472",26.4,49.1
"Hernández, Teoscar","606192","2024","652",28.8,8.1,".360",".348",33.8,14.9,46.8,"102.727395423","95.689116559",34,51.2
"Marte, Ketel","606466","2024","583",18.2,11.1,".391",".395",33.7,12.3,53.8,"103.991137178","96.920444406",21.3,48.2
"Nimmo, Brandon","607043","2024","663",23.8,11.6,".321",".337",33.7,9.1,47.4,"101.264982933","95.221659687",23.4,44.8
"Turner, Trea","607208","2024","539",18.2,5,".349",".322",30.9,6.9,40.7,"99.706063382","94.073107543",26.1,53.7
"Pillar, Kevin","607680","2024","314",22,5.1,".293",".277",36.5,3.7,29.7,"96.438782936","92.245806101",24.4,52.4
"Stallings, Jacob","607732","2024","281",23.1,9.6,".353",".318",38.9,7.2,34.4,"97.816675843","92.986677006",29.4,45.3
"Ramírez, José","608070","2024","682",12,7.9,".364",".332",34,8.6,39.7,"99.642954081","93.982319614",15.2,49.4
"Bregman, Alex","608324","2024","634",13.6,6.9,".331",".321",34.7,6.2,40.4,"98.929856707","93.659612777",12.8,44.9
"Gallo, Joey","608336","2024","260",39.2,12.3,".276",".288",32.8,13.1,43.4,"100.325545574","94.605556281",39.6,45.3
"Kelly, Carson","608348","2024","313",17.6,8,".304",".317",27.3,6.6,39.4,"98.979228142","93.591084867",22.8,45.5
"Seager, Corey","608369","2024","533",18,9.9,".365",".394",38.6,15.2,50.7,"103.274395474","96.157523456",23.4,53
"Winker, Jesse","608385","2024","508",20.9,12.4,".338",".329",30.1,7.6,37.4,"98.91091179","93.570274815",19.6,43.2
"Jankowski, Travis","608671","2024","207",21.3,5.8,".234",".242",25.3,0.7,24.7,"95.346098056","91.700885874",20.7,44.8
"Refsnyder, Rob","608701","2024","307",25.4,9.1,".358",".328",32.8,9.7,43.1,"101.623071856","95.034267165",28.1,46.2
"Meneses, Joey","608841","2024","313",20.1,6.7,".264",".276",30.8,4.5,39.3,"99.265454911","93.867431839",22.9,50.8
"Andujar, Miguel","609280","2024","319",13.2,4.1,".306",".287",26.1,2.7,33.7,"97.864980763","92.955361494",16,50.4
"Torrens, Luis","620443","2024","130",21.5,6.9,".292",".322",36.3,6.6,46.2,"99.143395652","93.972417033",21.5,46.5
"Swanson, Dansby","621020","2024","593",24.3,9.1,".307",".324",32.6,9.2,42.7,"100.210263655","94.404024529",28.7,48.7
"Newman, Kevin","621028","2024","311",15.4,4.8,".298",".272",25,1.6,23.4,"95.24854438","91.64158444",17.1,49.2
"Taylor, Chris","621035","2024","246",30.9,11.4,".272",".298",42.9,7.1,28.6,"97.10671942","92.58514587",31.3,47.7
"Correa, Carlos","621043","2024","367",16.6,10.9,".385",".359",34.4,9.2,44.7,"102.536128244","95.462669198",20.4,44.6
"Taylor, Tyrone","621438","2024","345",23.2,5.5,".304",".304",34.9,7.1,35.3,"99.355167983","93.783487975",22,49.4
"Buxton, Byron","621439","2024","388",25.5,5.2,".366",".358",39.5,13.2,48.1,"102.451274806","95.815194845",32.1,54
"Stewart, DJ","621466","2024","194",24.7,16,".290",".328",34.2,8.1,39.6,"100.346718909","94.280565091",30,40.9
"Ward, Taylor","621493","2024","663",24.6,9.5,".325",".351",41.9,13,42.4,"100.017751581","94.464585641",25.5,43.2
"Nido, Tomás","621512","2024","140",25,3.6,".231",".281",36,12,44,"99.686948542","94.248211563",35.9,60.5
"Wisdom, Patrick","621550","2024","174",33.9,5.7,".271",".288",23.8,15.8,48.5,"102.1496362","95.721041717",31.4,49.1
"Olson, Matt","621566","2024","685",24.8,10.4,".339",".342",35.4,12.4,47.4,"102.726279537","95.899543218",26.3,49.7
"Margot, Manuel","622534","2024","343",15.7,6.1,".276",".310",30.9,4.9,33.6,"98.859258923","93.482249961",20.6,49.5
"Mateo, Jorge","622761","2024","208",23.1,4.8,".286",".270",30.2,4,34.9,"99.943727778","94.060455208",22.9,51.7
"Ramírez, Harold","623912","2024","246",20.3,2,".265",".257",27.5,3.2,33.9,"98.279194301","93.19999086",31.4,56.2
"Santander, Anthony","623993","2024","665",19.4,8.7,".345",".328",35,11.7,41.6,"100.325476894","94.357156511",20,49.7
"Alonso, Pete","624413","2024","695",24.7,10.1,".340",".345",30.5,13.2,46.4,"102.785114727","95.699086105",24.7,42.9
"Biggio, Cavan","624415","2024","224",32.1,10.7,".285",".259",37.3,2.5,16.9,"92.815215439","90.564125877",23.8,38.2
"Conforto, Michael","624424","2024","488",24.2,8.6,".327",".352",33.7,11.8,46,"101.95530559","95.249550592",25.2,44.8
"Frazier, Adam","624428","2024","294",20.1,7.5,".261",".289",37.9,2.9,22.8,"95.005808416","91.560763134",18.8,47
"Trevino, Jose","624431","2024","234",17.5,8.5,".284",".269",26.9,5.3,35.1,"97.968179176","93.099578353",18.5,40.5
"Gordon, Nick","624503","2024","275",24.4,4,".271",".267",34.7,6.1,29.6,"96.567867732","92.321775928",31.8,59.8
"McGuire, Reese","624512","2024","158",24.7,8.2,".259",".285",29.8,6.7,26.9,"95.6847612","91.98821798",24.5,45
"Soler, Jorge","624585","2024","574",24.6,11.8,".340",".349",33.4,12.6,44.1,"101.898357865","95.262490702",28.9,44.5
"Sosa, Edmundo","624641","2024","274",24.1,4.7,".318",".309",28.5,8.6,41.4,"100.484249348","94.380628306",31.4,56.8
"Ibáñez, Andy","628451","2024","244",25.8,6.1,".287",".269",33.7,4.9,33.1,"97.908149512","93.096095644",30.6,52.8
"Cronenworth, Jake","630105","2024","656",18,9.3,".315",".338",35.4,7.8,36.7,"99.527561266","93.904133654",17,45
"Anderson, Tim","641313","2024","241",28.2,2.9,".208",".230",29.5,1.8,30.1,"96.982041205","92.531306303",30.6,54.6
"Bauers, Jake","641343","2024","346",34.1,11.3,".294",".305",38.6,10.3,42.9,"99.96682033","94.377085138",29.1,45.8
"Bellinger, Cody","641355","2024","569",15.6,7.9,".322",".305",32.9,6.3,32.9,"97.314029213","92.768351065",22.2,49.8
"Calhoun, Willie","641432","2024","254",12.2,9.1,".305",".306",30.2,3,37.7,"98.9731294","93.584500603",13.2,43.6
"Crawford, J.P.","641487","2024","451",22.6,11.5,".283",".312",30.2,6.5,37.8,"98.950282708","93.58355108",20.2,41.1
"Fraley, Jake","641584","2024","382",18.3,6.8,".314",".284",34.6,3.2,24.7,"95.677326241","91.891008399",21.3,57.9
"Garver, Mitch","641598","2024","430",30.9,12.3,".281",".287",32.5,8.4,39.7,"99.983276271","94.254381059",30.8,38.7
"Guillorme, Luis","641645","2024","187",19.3,12.3,".263",".280",32.8,2.3,21.1,"94.424899375","91.273931654",18.6,42.3
"Hampson, Garrett","641658","2024","231",25.5,6.1,".255",".251",31.6,4.4,30.4,"96.882247895","92.472205166",22.1,47.6
"Heim, Jonah","641680","2024","491",18.3,5.3,".265",".277",29.9,5.9,36.4,"98.507122973","93.44020477",20.7,54.3
"McMahon, Ryan","641857","2024","645",28.7,10.7,".315",".325",36.5,10.9,49.7,"102.62988712","96.057260524",30,46.9
"O'Neill, Tyler","641933","2024","473",33.6,11.2,".360",".342",34.6,17.3,48.8,"102.819767874","95.797605236",34.1,44.6
"Smith, Dominic","642086","2024","307",24.8,9.1,".306",".299",37.7,10.6,38.7,"98.769074141","93.729740505",25.3,45.3
"Tellez, Rowdy","642133","2024","421",21.1,7.4,".301",".302",32.4,8,36.5,"100.611958926","94.350585034",21.9,43.3
"Thaiss, Matt","642136","2024","186",31.2,15.1,".286",".292",33,8,40,"99.8347254","94.000036869",39.3,44.8
"Wade, Tyler","642180","2024","156",18.6,7.1,".242",".283",38.1,1.8,17.7,"93.385363922","90.890811782",19.7,44.1
"Siri, Jose","642350","2024","448",37.9,6.9,".271",".300",35.7,14.7,41.6,"100.732893305","94.47103983",41.6,50.9
"Rosario, Amed","642708","2024","346",21.1,2.6,".299",".281",33.5,4.6,36.2,"98.559932462","93.290414231",24.4,55.2
"Adames, Willy","642715","2024","688",25.1,10.8,".342",".344",38.2,12,40.7,"99.769639045","94.108759136",29.5,49.5
"Estrada, Thairo","642731","2024","381",19.9,2.6,".256",".264",30.3,4.8,31.7,"97.31710125","92.678487456",20.5,51.3
"Benintendi, Andrew","643217","2024","522",18.4,7.9,".298",".308",36.5,6.3,34.4,"97.17823","92.764984068",20.9,48
"Cooper, Garrett","643265","2024","116",30.2,6,".253",".326",47.2,9.7,36.1,"98.9080275","93.4931725",29.5,46.7
"Dubón, Mauricio","643289","2024","428",12.9,3.7,".286",".272",30.4,2.8,26.5,"95.977741503","92.011502977",18.8,60.1
"Jansen, Danny","643376","2024","324",18.8,12.3,".294",".292",34.1,6.4,29.7,"97.185697545","92.627349132",20.9,40.6
"Kiner-Falefa, Isiah","643396","2024","496",15.7,3.2,".299",".285",31.6,2.3,29.7,"96.695719581","92.34866123",14.8,46.1
"McNeil, Jeff","643446","2024","472",14.4,7.4,".304",".289",32.2,3.1,31.1,"96.866365393","92.484410197",17.4,55.4
"Tauchman, Mike","643565","2024","350",20,13.4,".325",".333",34.9,7.4,41,"99.141927105","93.788317412",22.5,46
"Albies, Ozzie","645277","2024","435",14.9,6.2,".307",".306",33.4,6.2,32,"97.095539467","92.617553798",20.5,56.6
"Robles, Victor","645302","2024","295",18,7.1,".357",".328",34.8,6.2,28.6,"97.345786105","92.756314603",24.2,54.7
"Herrera, Jose","645444","2024","114",23.7,7.9,".271",".251",34.6,0,23.1,"95.176804857","91.592607714",23.7,41.3
"Devers, Rafael","646240","2024","601",24.5,11.1,".364",".366",35.2,13,52.6,"104.594814974","97.088982016",30.9,50.9
"Naylor, Josh","647304","2024","633",16.6,9.2,".332",".334",30.1,8.4,40.9,"100.815360087","94.680816725",22.4,50.3
"Toro, Abraham","647351","2024","364",17,5.5,".283",".293",33.2,4.3,29.6,"97.476845145","92.798620509",17.4,48.1
"Urías, Luis","649966","2024","109",31.2,8.3,".309",".316",43.3,11.7,35,"99.362572667","93.8120925",23.1,46.9
"Arraez, Luis","650333","2024","672",4.3,3.6,".323",".326",40.9,1.6,23.7,"94.838000362","91.449624457",6.8,49.8
"Jiménez, Eloy","650391","2024","349",20.1,6.3,".276",".300",25.1,7.8,49,"103.179997795","96.165143031",26.2,50.3
"Torres, Gleyber","650402","2024","665",20.5,9.8,".313",".310",38.2,6.3,35.4,"98.295655921","93.36890443",22.9,45.7
"Castro, Willi","650489","2024","635",23.6,8,".317",".323",39,7,36.8,"98.851706502","93.501303852",28.9,51.4
"Díaz, Yandy","650490","2024","621",15.3,8.1,".331",".337",28.4,7.6,48.7,"103.441830979","96.263007825",14.2,43.9
"De La Cruz, Bryan","650559","2024","622",27.3,4.7,".283",".307",35.6,9.3,41.3,"99.848652919","94.22196445",30.1,53.4
"Rengifo, Luis","650859","2024","304",14.5,5.3,".335",".293",30.4,2.5,32.5,"96.9891535","92.548929456",22.3,56.3
"Monasterio, Andruw","655316","2024","142",28.2,11.3,".266",".293",36.5,9.4,41.2,"98.583089286","93.585745952",23.6,42.5
"Adams, Riley","656180","2024","130",26.9,7.7,".275",".284",30.1,7.2,43.4,"101.844362857","95.170948072",28.1,49.5
"Bouchard, Sean","656248","2024","108",30.6,11.1,".266",".261",29.5,4.9,34.4,"97.978837667","93.245498",33.7,43.4
"Chapman, Matt","656305","2024","647",24.4,9.9,".340",".344",31.3,12.6,48.3,"104.356012981","96.727633301",23.5,44.6
"Fairchild, Stuart","656413","2024","233",25.8,7.3,".288",".300",27.6,7.9,36.8,"98.640738472","93.363702378",34.8,50.2
"Hill, Derek","656537","2024","172",32.6,2.9,".296",".296",37.6,11,36.7,"99.292666346","93.800468365",34.8,54.2
"Hilliard, Sam","656541","2024","158",35.4,8.9,".342",".300",30.7,14.8,52.3,"103.815353902","97.006523171",40.5,46.9
"Hoskins, Rhys","656555","2024","517",28.8,10.3,".313",".305",29.7,12.7,42.2,"99.737434248","94.057895065",26.3,42.8
"Jackson, Alex","656577","2024","155",34.2,7.7,".200",".224",21.6,9.1,31.8,"97.524225","92.833252184",39.7,52.7
"Joe, Connor","656582","2024","416",21.9,10.6,".305",".279",30.9,4.7,32.7,"97.939201314","92.982890511",25.7,43.1
"McKinstry, Zach","656716","2024","325",21.2,7.4,".270",".295",37.8,4.3,32.6,"97.327044","92.860583362",22.1,47.7
"Mullins II, Cedric","656775","2024","499",19.6,8.2,".310",".293",31.7,4.9,33.4,"97.759606105","92.89369311",18.9,51.4
"O'Hearn, Ryan","656811","2024","494",14,9.3,".330",".352",35,6.9,40.1,"99.733150957","94.095787394",18.1,46.7
"Rivera, Emmanuel","656896","2024","302",22.8,8.6,".291",".319",33.7,7.9,44.1,"99.97328099","94.404966716",28.3,48.6
"Schwarber, Kyle","656941","2024","692",28.5,15.3,".366",".380",31.8,15.6,55.5,"105.154527813","97.529843438",32,39.9
"Smith, Pavin","656976","2024","158",19.6,11.4,".377",".395",34.9,14.7,44,"101.669639091","95.421898349",21.5,38.4
"Thomas, Lane","657041","2024","528",25.9,8.3,".309",".310",31.5,7.4,40.6,"100.376555353","94.3557595",23.3,43.8
"Verdugo, Alex","657077","2024","621",15,7.9,".283",".304",31.6,5.6,34.9,"98.009613263","93.0881338",15.5,44.7
"Wong, Connor","657136","2024","487",23.4,5.7,".330",".289",30.7,6.3,34.5,"98.745018171","93.452738532",28.7,51.6
"DeJong, Paul","657557","2024","482",32.4,4.8,".302",".293",36.4,10.2,41.5,"99.999893878","94.174456531",34.9,58
"Laureano, Ramón","657656","2024","309",31.1,4.9,".324",".317",38.7,12.6,40.8,"100.254641146","94.492561099",31.8,52.3
"Sheets, Gavin","657757","2024","501",21.2,8.6,".291",".312",41.1,5.7,35.3,"98.863415862","93.510571585",23,46.2
"Olivares, Edward","658668","2024","196",18.9,8.2,".276",".331",35.5,6.4,35.5,"98.508436056","93.311684681",24.2,51
"Ohtani, Shohei","660271","2024","731",22.2,11.1,".431",".448",37.8,21.5,60.1,"106.727792385","98.772122364",29.8,47.3
"Bruján, Vidal","660644","2024","278",19.4,9,".276",".262",29.7,1.5,22.6,"95.193229158","91.616436508",23.5,52
"Acuña Jr., Ronald","660670","2024","222",23.9,12.2,".322",".348",31.7,9.4,48.2,"103.064738696","96.113602174",27.5,47
"Ruiz, Keibert","660688","2024","485",11.1,3.3,".268",".280",32.2,3.2,25.6,"95.477673333","91.740685858",12.1,52.3
"Montero, Elehuris","660707","2024","247",22.7,8.1,".254",".274",27.5,7.6,41.5,"100.877618721","94.67846193",30.3,54.1
"Yepez, Juan","660766","2024","249",16.9,7.2,".331",".300",30.3,5.9,35.6,"98.208738602","93.111621613",22.1,50.1
"Sánchez, Jesús","660821","2024","537",26.1,7.6,".317",".345",31.8,12.2,51.3,"104.556000571","96.923820315",31.2,53.2
"Contreras, William","661388","2024","679",20.5,11.5,".359",".360",29,10,49.5,"103.875480043","96.642602527",27.8,47.4
"Varsho, Daulton","662139","2024","513",26.7,9.4,".304",".265",30.2,6.2,34,"98.537583503","93.276618121",27,47.6
"Perkins, Blake","663368","2024","434",24.9,9.7,".288",".282",32,3.9,37.7,"97.789208222","93.114376074",26.8,42.4
"Nootbaar, Lars","663457","2024","405",19.5,12.8,".331",".358",32.2,9.9,49.5,"102.282162353","95.717855683",19,37.2
"Nevin, Tyler","663527","2024","278",23,9,".276",".297",37,8.7,40.8,"99.059252088","93.891727514",25.6,47.3
"Hoerner, Nico","663538","2024","641",10.3,6.9,".313",".314",36,1.2,27.6,"95.980926525","91.993965849",11.6,48.4
"Riley, Austin","663586","2024","469",25.2,7.9,".338",".366",37.2,14.9,53.4,"103.77151961","96.882758664",27.5,50.1
"Larnach, Trevor","663616","2024","400",22.3,10,".336",".352",36.2,10.1,45.1,"102.375195821","95.54188573",27.9,44.1
"Mountcastle, Ryan","663624","2024","507",22.5,5.3,".316",".335",36.2,8.8,45.2,"102.105716923","95.370233104",25.1,56.1
"Hayes, Ke'Bryan","663647","2024","396",18.9,5.8,".256",".278",29.9,2.4,42.9,"99.837230137","94.135653938",18.1,44.8
"Tucker, Kyle","663656","2024","339",15.9,16.5,".419",".407",40,12.9,44.9,"100.157901947","94.740150044",19,41.8
"Cameron, Daz","663662","2024","186",27.4,7,".258",".287",36.4,8.3,48.8,"101.2654245","95.191277667",28.3,49
"India, Jonathan","663697","2024","637",19.6,12.6,".333",".354",39.3,7.7,36.5,"98.90319256","93.547150797",19.2,38.3
"Bart, Joey","663698","2024","282",25.9,7.8,".347",".333",32.6,9.4,38.7,"100.959040333","94.605861732",26.2,43.7
"Raleigh, Cal","663728","2024","628",28,11.1,".323",".347",35.6,15.4,48.1,"102.032071755","95.508789467",31,52.3
"Fortes, Nick","663743","2024","335",12.2,3.3,".252",".245",29,1.4,22.6,"95.578582782","91.819744812",13,49.3
"Grisham, Trent","663757","2024","209",27.3,10.5,".295",".312",25.6,12,46.4,"100.360050339","94.648811864",23.3,37.2
"Vierling, Matt","663837","2024","567",21.3,7.2,".317",".313",34.1,7.5,40.9,"100.235830606","94.344722247",19.5,42.8
"Gonzalez, Romy","663853","2024","216",26.9,5.6,".311",".315",29.7,8.3,51,"104.214637183","96.826247676",29.2,55.2
"Stephenson, Tyler","663886","2024","515",22.7,9.3,".339",".322",33,9.1,43.9,"100.320154503","94.587176774",22.7,43.2
"Rodgers, Brendan","663898","2024","539",24.5,5.8,".314",".297",33.1,5.6,44.1,"101.153269243","94.773964417",25.9,49.3
"Lowe, Nathaniel","663993","2024","565",22.1,12.6,".337",".329",32.6,5.8,40,"100.432822253","94.330442369",20.6,42.7
"Happ, Ian","664023","2024","657",25.6,12.2,".341",".349",37,11.7,45.2,"101.590666318","95.287992294",27.8,45.9
"France, Ty","664034","2024","535",21.3,7.1,".296",".305",30.5,7.3,40,"99.663679892","94.004650595",24.2,51.2
"Lowe, Brandon","664040","2024","425",26.4,7.8,".335",".350",39.6,12.4,44.7,"101.345776014","94.9549512",32.7,55.3
"Bader, Harrison","664056","2024","437",21.7,4.8,".285",".296",33.9,6.4,35.5,"98.685690255","93.420801022",24.5,46.6
"Moore, Dylan","664238","2024","441",27.9,12,".306",".302",38.2,8.8,36.3,"98.78016696","93.44884728",24.8,42.4
"Florial, Estevan","664314","2024","111",36.9,9.9,".277",".249",36.2,10.3,41.4,"99.259345517","93.884180351",42.2,51.1
"Isbel, Kyle","664728","2024","426",20.7,6.3,".286",".281",24.8,3.9,36.3,"99.427451293","93.787078878",19.3,46.1
"Bohm, Alec","664761","2024","606",14.2,6.6,".335",".345",35.2,6.8,45.6,"100.768220847","94.781662669",17.6,49.7
"Wade Jr., LaMonte","664774","2024","401",22.4,15.5,".337",".357",39.6,9.4,44.1,"101.160100656","95.071984568",24.2,40.9
"Mendick, Danny","664901","2024","141",24.8,4.3,".247",".254",31.6,6.1,22.4,"94.586655625","91.425542526",28.7,47.8
"Brown, Seth","664913","2024","400",28,6.3,".289",".296",35.2,8.4,40.6,"100.936577054","94.815981008",29.1,52
"McCarthy, Jake","664983","2024","495",15.8,6.3,".329",".314",30.4,2.7,24.5,"95.637290857","91.834529486",17.5,49.3
"Clemens, Kody","665019","2024","120",24.2,4.2,".301",".260",30.6,7.1,42.4,"99.387885814","93.94476",25.7,49.1
"Peña, Jeremy","665161","2024","650",17.1,3.8,".305",".313",29.2,5.4,38.8,"99.323506707","93.74168435",24.9,54.2
"Tatis Jr., Fernando","665487","2024","438",21.9,7.3,".359",".393",33.7,14.5,55.8,"104.418991126","97.109953874",28.1,51.3
"Guerrero Jr., Vladimir","665489","2024","697",13.8,10.3,".398",".410",35.1,13.7,54.9,"105.663720766","97.649346073",21.5,48
"Pache, Cristian","665506","2024","183",35,9.3,".250",".254",26.5,4.9,38.2,"99.682097","94.253817172",33,48.7
"Soto, Juan","665742","2024","713",16.7,18.1,".421",".463",35.4,19.7,57,"105.650123728","97.994705143",21.5,37.2
"Taveras, Leody","665750","2024","529",21.2,7.9,".282",".300",31.5,5.9,35.5,"99.173170874","93.650113205",26,48.8
"Amaya, Miguel","665804","2024","363",17.1,6.3,".283",".302",33.9,4.7,33.9,"99.101174286","93.708861353",22.5,54
"Cabrera, Oswaldo","665828","2024","326",19.3,6.4,".290",".285",34,3.7,34.9,"97.641570336","92.88412097",18.8,47.8
"Cruz, Oneil","665833","2024","599",30.2,8.5,".331",".342",32.1,15.7,54.9,"107.199352928","98.547881492",34.1,46.3
"Valdez, Enmanuel","665839","2024","223",23.8,7.6,".275",".309",32,9.2,41.8,"99.9120656","94.1331724",22.1,43.9
"Chisholm Jr., Jazz","665862","2024","621",24.5,8.5,".327",".318",29.6,9.7,41.1,"100.122466782","94.459141861",29.1,47.5
"Giménez, Andrés","665926","2024","633",15.3,4.1,".281",".299",32.7,2.8,28.5,"96.492499139","92.262342361",22.5,56.4
"Chaparro, Andrés","665953","2024","132",18.2,5.3,".301",".303",27.8,6.2,33,"98.318885102","93.216540722",24.8,53.7
"Aranda, Jonathan","666018","2024","143",22.4,8.4,".320",".363",34,16.5,48.5,"101.531383265","95.365481959",21.9,45.4
"Fermin, Freddy","666023","2024","368",17.9,6.3,".300",".276",29.2,3.2,33.9,"97.931397537","93.085600262",23,51
"Jones, Nolan","666134","2024","297",30.6,12.1,".287",".288",34.3,5.9,44.4,"100.556302024","94.528500893",25.6,40
"Kirilloff, Alex","666135","2024","178",26.4,8.4,".282",".311",27,11.3,40.9,"100.310300172","94.70393913",30.9,49.2
"Lowe, Josh","666139","2024","387",31.8,8.3,".299",".296",37.9,10.3,46.1,"100.893361034","94.928910905",31.8,51.6
"Fitzgerald, Tyler","666149","2024","341",31.7,6.5,".357",".295",39.1,8.2,31.9,"97.5779034","92.79850055",30.9,47.7
"Fletcher, Dominic","666150","2024","241",24.1,4.6,".227",".247",38.7,1.8,26.8,"95.808053494","91.934485697",20.9,47.2
"Hamilton, David","666152","2024","317",25.2,6.9,".305",".285",38.3,5.6,32.2,"97.714382095","92.969829904",25.3,45.9
"Lux, Gavin","666158","2024","487",22.6,9,".310",".320",35,6,41.1,"98.995997212","93.691033374",23.3,45.1
"Moniak, Mickey","666160","2024","418",27.3,5,".281",".287",31.9,9.3,34.4,"99.494460797","93.816907681",30.1,56.7
"Rortvedt, Ben","666163","2024","328",26.8,10.4,".283",".268",30.2,3.5,30.7,"96.9585767","92.49508965",26.7,43
"Adell, Jo","666176","2024","451",27.9,7.8,".296",".317",30.5,11.7,44.7,"102.6788005","95.748719749",29.8,49.7
"Benson, Will","666181","2024","388",39.7,10.3,".285",".271",36.5,11.5,40.1,"99.756805263","94.123444",38.9,47.6
"Bichette, Bo","666182","2024","336",19,6,".264",".302",31.3,4.4,43.5,"100.896776504","94.778862816",22,56.4
"Carlson, Dylan","666185","2024","265",28.3,8.3,".257",".256",30.1,2.5,25.8,"96.530139877","92.297463602",31,48.2
"Naylor, Bo","666310","2024","389",31.4,7.5,".269",".262",32.6,8.1,37.7,"98.72815","93.535266567",28.3,46.9
"Julien, Edouard","666397","2024","301",33.9,11,".278",".290",38.4,9.8,37.8,"98.889968415","93.491651402",30.9,40.6
"Encarnacion, Jerar","666464","2024","119",28.6,4.2,".301",".355",37.5,15,58.8,"105.57868275","97.868597468",28.7,48.4
"Morel, Christopher","666624","2024","611",26,10,".280",".318",27.6,10.2,40.4,"101.221222105","94.784090605",34.1,47
"García, Adolis","666969","2024","637",27.8,7.1,".296",".308",33.7,12.5,48.2,"101.827676765","95.435631691",34.3,52.1
"Gurriel Jr., Lourdes","666971","2024","553",18.3,5.2,".327",".321",33.8,6.7,40,"99.549348469","93.921850288",20,51.1
"Julks, Corey","667452","2024","189",26.5,7.9,".260",".266",33.9,3.2,29,"96.954618226","92.479937742",25.9,45.8
"Myers, Dane","667472","2024","108",33.3,7.4,".335",".322",32.8,11.5,47.5,"100.494369677","94.535582623",28.3,44
"Rooker Jr., Brent","667670","2024","614",28.8,9.6,".392",".383",38.3,16.6,49.6,"103.25238457","96.193453235",34.1,50.2
"Arozarena, Randy","668227","2024","648",26.1,11.3,".320",".327",28.4,8.3,43.5,"100.904108177","94.731331384",29.7,41
"Rogers, Jake","668670","2024","337",29.4,6.5,".264",".300",32.9,9.9,41.8,"99.180639906","93.973828585",32.7,47.6
"Bleday, JJ","668709","2024","642",19.5,10.4,".330",".319",37.1,8.3,36.2,"98.959573229","93.527316345",26.1,45.3
"Steer, Spencer","668715","2024","656",20.9,11,".316",".317",34.2,6.4,39.9,"99.163434247","93.708755492",23.1,44.5
"Reynolds, Bryan","668804","2024","692",22.5,8.2,".343",".352",37.5,9.6,45.4,"100.987209316","94.867542484",29.4,50.4
"McCann, Kyle","668832","2024","157",37.6,10.2,".304",".280",30.9,12.3,38.3,"100.534877805","94.549176173",45.2,45.9
"Martin, Austin","668885","2024","257",18.3,7.8,".297",".302",39.4,1.1,33.5,"96.642936413","92.431606902",20.9,45.5
"Vientos, Mark","668901","2024","454",29.7,7.3,".356",".335",34.6,14.1,46.6,"102.544746312","95.741575567",34.4,49.9
"Lewis, Royce","668904","2024","325",22.8,8.6,".317",".323",36.3,11.2,37.7,"99.690144144","93.856491441",27,51.9
"Turang, Brice","668930","2024","619",17,8.1,".294",".298",32,2.4,29.7,"96.869333063","92.521821874",13.7,47.7
"Rutschman, Adley","668939","2024","638",16.1,9.1,".309",".319",35.4,6.1,36.6,"98.081119454","93.149039684",17.1,44.5
"Rojas, Josh","668942","2024","476",22.7,9.7,".286",".295",35.6,5.7,38.2,"97.946263631","93.225198599",24.1,45.6
"Mitchell, Garrett","669003","2024","224",31.7,11.2,".351",".312",34.6,8.7,37,"100.952074833","94.510744",34.3,44.4
"Melendez Jr., MJ","669004","2024","451",25.1,7.8,".292",".317",29.1,8.4,45.2,"101.49620396","95.196771409",29.5,52.5
"Marsh, Brandon","669016","2024","476",32.4,10.5,".326",".328",40.7,10,47.4,"101.08883194","95.182442734",27.5,41.3
"Stowers, Kyle","669065","2024","209",35.4,6.2,".265",".292",36.1,10.9,51.3,"102.156753559","95.709246525",36.1,54.5
"Langeliers, Shea","669127","2024","534",27.2,7.7,".315",".332",35.3,12.8,44,"102.05460686","95.451719446",29.2,49.5
"Campusano, Luis","669134","2024","299",13.7,6.7,".282",".290",27.4,4.6,34.2,"98.345403475","93.277557745",20.5,50.9
"Murphy, Sean","669221","2024","264",25.4,10.2,".281",".308",25.7,9.6,36.5,"99.757961548","94.022077485",28.4,45.6
"Senzel, Nick","669222","2024","267",22.8,10.5,".273",".301",38.6,5.7,26.7,"95.746731264","91.876891724",23.9,47.1
"Wells, Austin","669224","2024","414",21,11.4,".315",".341",34.5,9.1,38.9,"99.723567259","94.070969368",27.3,49.3
"Malloy, Justyn-Henry","669234","2024","230",37,10,".291",".269",31.9,10.9,37.8,"98.290103167","93.208402605",36.6,43.9
"Edman, Tommy","669242","2024","153",19.6,7.2,".307",".271",31.5,3.6,35.1,"96.992259821","92.61181955",24,46.2
"Smith, Will","669257","2024","544",19.3,9.4,".326",".333",38.3,10.8,42,"99.318269153","93.929159392",20.9,46.2
"Suwinski, Jack","669261","2024","277",28.5,9.7,".260",".295",28.8,8.8,38.2,"100.854161429","94.49330497",27.4,46.5
"Espinal, Santiago","669289","2024","391",13.8,6.1,".285",".289",35,1.9,24.1,"94.957566883","91.492088339",14.8,49
"Miranda, Jose","669304","2024","429",15.4,4.2,".328",".306",33.9,5.9,38.9,"99.359747765","93.786600855",22.5,52.3
"Gorman, Nolan","669357","2024","402",37.6,8.5,".290",".312",40.3,16.7,38.6,"100.727790741","94.443953953",38.7,51
"Edwards, Xavier","669364","2024","303",17.2,10.9,".359",".297",37.6,1.8,24.3,"95.052217333","91.536547476",16.9,47.5
"Burger, Jake","669394","2024","579",25.9,5.4,".325",".337",32.4,12.3,46.8,"103.619986856","96.171144407",30.1,52.4
"Allen, Nick","669397","2024","105",19,4.8,".207",".225",25,1.3,17.5,"93.887057838","90.966985405",18.8,49.4
"Schmitt, Casey","669477","2024","113",22.1,3.5,".323",".310",31.3,8.4,36.1,"99.223205238","93.803955783",25,52.4
"Smith, Josh","669701","2024","592",20.4,7.8,".323",".304",33.7,3.7,37.1,"98.306997711","93.25999596",21.7,47.1
"Triolo, Jared","669707","2024","446",26.5,9.4,".275",".289",38.8,5.3,39.1,"99.388421871","93.892534424",27.4,47.7
"Hays, Austin","669720","2024","255",23.1,3.5,".303",".288",30.2,6.7,40.2,"100.415422697","94.347982429",29.1,54.4
"Call, Alex","669743","2024","113",16.8,10.6,".412",".320",28.7,5,32.5,"97.21422775","92.66518325",18.8,43.2
"Toglia, Michael","669911","2024","458",32.1,11.8,".329",".365",39.2,17.3,50.2,"102.673791797","96.069366471",34.9,45.1
"Lopez, Nicky","670032","2024","445",15.1,8.3,".275",".271",30,1.5,16.9,"94.065401402","91.042138226",19.4,48.5
"Raley, Luke","670042","2024","455",29.7,5.9,".339",".320",31.5,11,41.8,"101.696067615","95.042152538",34.5,51.8
"Mastrobuoni, Miles","670156","2024","106",16,6.6,".214",".303",32.9,2.4,31.7,"96.319052927","92.222572963",20.3,41.5
"Wallner, Matt","670242","2024","261",36.4,9.2,".385",".359",38.1,17.5,53.2,"104.61196127","96.920236746",38.4,47.8
"Alvarez, Yordan","670541","2024","635",15,10.9,".402",".414",35.4,14.5,49.7,"104.097105087","96.703519522",19.9,47.8
"Paredes, Isaac","670623","2024","641",16.4,11.9,".327",".308",37,4.5,27.1,"95.875582928","91.952619865",17.2,44.7
"Walls, Taylor","670764","2024","252",26.6,12.3,".245",".256",29.9,3.2,24,"95.086734605","91.544710263",25,45.1
"Friedl Jr., TJ","670770","2024","341",15.2,7.6,".305",".295",29.9,3.2,31.5,"96.990036","92.527458326",17.6,43.4
"Herrera, Iván","671056","2024","259",20.5,9.7,".351",".369",38.2,9,42.1,"100.658165843","94.599725311",24.8,43.6
"Casas, Triston","671213","2024","243",31.7,12.3,".342",".330",35.6,13.3,45.2,"101.435410588","95.112485926",32.2,44.5
"Ramos, Heliot","671218","2024","518",26.1,7.1,".339",".340",34.3,14.5,47.5,"102.620742924","95.895956716",28.7,50.3
"García, Luis","671277","2024","528",16.3,5.1,".328",".333",32.8,8,41.7,"100.167127696","94.249397672",21.3,51.7
"Freeman, Tyler","671289","2024","383",13.8,7.3,".283",".303",30.7,3.2,34.6,"98.573015071","93.423975986",16.2,46.9
"Butler, Lawrence","671732","2024","451",23.9,7.8,".345",".347",35.1,11,47.4,"101.824301046","95.302256275",26.8,47.7
"Harris II, Michael","671739","2024","470",20,4.9,".312",".345",33.5,10,47,"103.329018908","96.053474224",25,55.1
"Bailey, Patrick","672275","2024","448",22.3,8.7,".281",".321",37.9,5.5,43,"100.739347483","94.770639073",23.4,48.1
"Siani, Michael","672279","2024","334",27.5,6.3,".257",".241",32.6,2.3,22.6,"95.786961649","91.898789433",28.9,48.9
"Kelenic, Jarred","672284","2024","449",29.6,7.1,".294",".309",38.2,9.9,45.2,"100.297571631","94.504780603",33.3,49.9
"Arias, Gabriel","672356","2024","161",32.9,3.7,".263",".275",35.6,7.9,36.6,"101.274794118","94.824434059",37.8,60.9
"Kirk, Alejandro","672386","2024","386",13.2,9.1,".297",".324",34.6,6.7,40.9,"99.802023893","94.269440505",15.7,46.6
"Moreno, Gabriel","672515","2024","351",14.8,11.7,".325",".329",33.6,6.6,41,"99.887726484","94.221263359",18.5,41.2
"Garcia, Maikel","672580","2024","626",16.5,6.7,".270",".303",34.1,3.7,42.8,"100.050927426","94.39492241",15.5,43.4
"Lopez, Otto","672640","2024","434",17.3,5.8,".302",".316",30.4,5.1,38.9,"99.482984485","93.902266182",21.8,51.4
"Perdomo, Geraldo","672695","2024","388",14.9,9.3,".317",".280",28.9,3.1,25.8,"96.084793623","92.044093913",12,40.5
"Pérez, Wenceel","672761","2024","425",21.6,7.5,".299",".292",37.7,4.3,30.6,"97.264471429","92.757975085",20.9,46.1
"Sosa, Lenyn","672820","2024","369",20.9,3.3,".280",".321",42.2,6.1,41.2,"99.355197445","93.909530839",19.8,52.7
"Diaz, Yainer","673237","2024","619",17.3,3.9,".329",".340",35,7.6,47.5,"101.297056214","95.034359505",24,58.8
"Robert Jr., Luis","673357","2024","425",33.2,6.6,".285",".283",35.6,9.9,40.7,"101.232868968","94.886076944",36.1,53.1
"Kim, Ha-Seong","673490","2024","470",16.4,12.3,".308",".316",36.6,4.8,35.4,"98.621780994","93.412597329",15.9,38
"Suzuki, Seiya","673548","2024","585",27.4,10.8,".365",".348",38.8,11.5,49.2,"102.565369326","95.834191408",24.5,39.6
"Jung, Josh","673962","2024","188",25.5,4.3,".311",".296",38.2,9.9,39.7,"97.932886515","93.114510916",31.9,51.9
"Westburg, Jordan","676059","2024","447",21.7,4.9,".340",".355",37.4,11.8,46.1,"101.801873375","95.272487",29.2,51
"Noda, Ryan","676116","2024","111",33.3,12.6,".223",".254",23.7,5.1,33.9,"98.772266786","93.479950357",33.8,42.1
"DeLuca, Jonny","676356","2024","362",21.3,6.6,".269",".277",32.7,3.9,28,"96.24111608","92.14905868",24,53.8
"Velázquez, Nelson","676369","2024","230",26.5,8.3,".280",".307",29.9,8.8,38.1,"99.364038514","93.836443129",35.5,46.5
"Clement, Ernie","676391","2024","452",9.1,2.4,".297",".284",34.3,3.8,24.9,"95.659056327","91.830379974",14.3,57
"Burleson, Alec","676475","2024","595",12.8,5.9,".319",".329",34.3,6.5,41.7,"99.381927173","94.012155751",19.2,55.7
"Caballero, José","676609","2024","483",27.5,5.6,".277",".269",33.8,5.1,25.2,"96.196185563","92.133024917",28.6,50
"Meyers, Jake","676694","2024","513",22.8,6.8,".285",".308",34.8,6.8,37,"99.317270058","93.726741906",26.7,49.1
"McCormick, Chas","676801","2024","267",27,6.4,".257",".290",32.2,7.5,32.8,"97.920374118","93.001741775",30.9,53.2
"Schneider, Davis","676914","2024","454",31.7,10.4,".277",".297",38,12,38,"98.986742636","93.569243488",30.6,42.5
"Kjerstad, Heston","677008","2024","114",28.9,8.8,".327",".301",28.8,6.1,43.9,"100.595502727","94.562960909",31.1,55.6
"Rocchio, Brayan","677587","2024","442",20.4,10,".276",".277",36,4,22.3,"95.744136806","91.872068403",24.1,47.9
"Tena, José","677588","2024","168",24.4,4.2,".286",".302",30.8,8.3,49.2,"100.972500862","95.33151313",23.4,50.2
"Rodríguez, Julio","677594","2024","613",25.4,6.2,".321",".346",33.2,10.2,48.4,"103.553687536","96.325344116",30.9,54.3
"Duran, Ezequiel","677649","2024","285",22.1,4.9,".270",".253",28.2,3.4,35.9,"98.680111262","93.37676239",24.6,56.4
"Abreu, Wilyer","677800","2024","447",28,8.9,".336",".322",33.7,11.1,50.5,"101.945020507","95.552365543",29.5,48.1
"Jimenez, Leo","677870","2024","210",28.1,5.7,".308",".314",40.7,8.1,33.3,"97.300784098","92.763416942",27,46.3
"Alexander, Blaze","677942","2024","185",26.5,8.1,".298",".260",22.9,3.4,34.7,"98.808795","93.553851293",29.1,51.5
"Thomas, Alek","677950","2024","103",16.5,6.8,".262",".343",26.6,7.6,46.8,"101.335202632","95.041754868",25.1,49.2
"Witt Jr., Bobby","677951","2024","709",15,8,".410",".413",35.7,14.3,48.3,"103.972880446","96.499868141",22.3,51.2
"Meadows, Parker","678009","2024","298",25.5,8.4,".321",".301",34.7,7.7,32.3,"97.956970619","93.056795751",27,45.5
"Vargas, Miguel","678246","2024","237",24.1,10.5,".233",".260",28.9,4.6,26.3,"96.03557","92.025289013",21.6,44.6
"Mead, Curtis","678554","2024","132",22.7,4.5,".255",".282",36.6,4.3,36.6,"99.411624468","93.833557742",23.5,52.4
"Tovar, Ezequiel","678662","2024","695",28.8,3.3,".324",".289",38.5,9,39.8,"99.306485852","93.964016332",33.5,62.3
"Noel, Jhonkensy","678877","2024","198",31.8,6.6,".331",".325",30.8,14.5,36.8,"100.792552542","94.452483077",34.2,54.1
"Rafaela, Ceddanne","678882","2024","571",26.4,2.6,".286",".278",34.9,7.5,36.9,"98.205036294","93.166643181",32.9,61.9
"Rojas, Johan","679032","2024","363",19,3.6,".265",".253",22,2.5,27.4,"97.163679462","92.590351731",22.5,48.8
"Torkelson, Spencer","679529","2024","381",27.6,8.7,".295",".284",31.5,6.7,39.7,"99.687498067","94.009349451",26.6,46
"Loftin, Nick","679845","2024","171",14,11.1,".242",".284",30.7,3.1,26,"95.328331587","91.737416905",15.3,42.8
"Blanco, Dairon","680118","2024","132",24.2,6.1,".306",".282",26.7,7.8,37.8,"99.654640732","94.051881852",32.1,52.3
"Schuemann, Max","680474","2024","459",25.9,10.2,".281",".297",39.5,5.6,37.4,"97.729409209","93.097394065",28.1,42.5
"Palacios, Richie","680700","2024","316",21.2,14.2,".303",".324",36.4,3.5,30.3,"96.843483131","92.444278274",24.7,46.7
"Barger, Addison","680718","2024","225",26.7,6.2,".262",".292",32.9,8.7,38.3,"100.557905","94.503054898",27.4,46.3
"Kwan, Steven","680757","2024","540",9.4,9.8,".349",".334",38.5,2.6,23.7,"95.04543782","91.531639359",8,39.1
"Duran, Jarren","680776","2024","735",21.8,7.3,".357",".346",33.8,9.3,43.9,"101.928155512","95.341113209",24.8,48.3
"Jeffers, Ryan","680777","2024","465",20.2,6.9,".317",".305",31.7,8.3,33.8,"99.008221173","93.57098291",23.6,48.5
"Davis, Henry","680779","2024","122",36.9,10.7,".213",".224",29,4.8,35.5,"97.637210645","92.897598852",36.3,47
"Gelof, Zack","680869","2024","547",34.4,6.9,".276",".273",34.4,8.8,37.2,"98.970921935","93.611147032",36.4,51.5
"Donovan, Brendan","680977","2024","652",12.4,7.2,".332",".337",36.6,5.5,37.6,"98.552237391","93.418618597",14.6,44.2
"Stott, Bryson","681082","2024","571",16.3,9.3,".296",".309",35.3,3.6,30.8,"97.149266143","92.631038831",16.9,44.1
"Bride, Jonah","681146","2024","272",20.2,11,".351",".297",29.9,5.4,33.7,"97.444142826","92.857149348",16.7,38.2
"Cowser, Colton","681297","2024","561",30.7,9.3,".331",".331",32.1,13.6,46.1,"101.838992303","95.374243739",30.3,44.5
"O'Hoppe, Logan","681351","2024","522",29.7,6.3,".311",".337",42.9,12,46.3,"101.233350982","95.0870388",33.6,52
"Norby, Connor","681393","2024","194",33,7.7,".316",".318",47,14.8,39.1,"99.109980172","93.692715217",33.2,57.6
"Baldwin, Brooks","681460","2024","121",25.6,5,".249",".271",34.5,4.8,32.1,"96.86830625","92.495436709",24.9,57.5
"Carpenter, Kerry","681481","2024","296",25.3,7.4,".390",".385",40.1,17.7,46.4,"100.928032292","94.944129215",30.3,50.5
"Outman, James","681546","2024","156",35.3,10.3,".242",".279",38.3,4.9,38.3,"100.237923902","94.412729136",36.8,47.6
"Pages, Andy","681624","2024","443",24.4,6.5,".310",".326",40.8,10.7,40.1,"100.310081745","94.262423423",26.1,51
"Fry, David","681807","2024","392",21.4,10.7,".347",".328",36.9,7.5,37.6,"99.146678031","93.715471417",24.8,49.2
"Schneemann, Daniel","682177","2024","221",31.7,11.3,".295",".279",41.3,4.8,38.1,"98.405974921","93.326836825",31.7,49.1
"Marte, Noelvi","682622","2024","242",31,3.7,".243",".274",33.5,6.5,36.1,"98.631095256","93.351013935",32.1,54.1
"Alvarez, Francisco","682626","2024","342",25.1,8.8,".310",".291",27.2,6.7,42,"101.298215536","94.784205516",29.6,46.1
"Matos, Luis","682641","2024","156",15.4,3.2,".250",".270",29.1,3.9,37,"98.298414688","93.205182992",15.6,54.2
"Martínez, Angel","682657","2024","169",19.5,8.9,".282",".270",29.8,1.7,32.2,"96.829146271","92.477339068",19.5,48.6
"De La Cruz, Elly","682829","2024","696",31.3,9.9,".349",".331",35.7,12.7,45.7,"102.95535404","95.90272362",33.3,43.4
"Ramos, Bryan","682868","2024","108",20.4,6.5,".257",".287",35.9,6.4,46.2,"100.595616667","94.750177179",29,43.8
"Abrams, CJ","682928","2024","602",21.3,6.6,".322",".323",33,6.9,40.7,"99.496479615","93.910198048",24.7,53.3
"Greene, Riley","682985","2024","584",26.7,11,".355",".357",39.1,13.4,47.1,"102.088081676","95.54007409",26.8,44.3
"Carroll, Corbin","682998","2024","684",19,10.7,".325",".329",27.8,7.2,40.8,"101.055665665","94.755672366",20.3,41.4
"Henderson, Gunnar","683002","2024","719",22.1,10.8,".381",".379",34.5,11.2,53.9,"104.002332911","96.835723291",24.4,44.2
"Volpe, Anthony","683011","2024","689",22.6,6.1,".287",".280",33.3,3.9,35.4,"98.177841555","93.206482989",22.5,48.1
"Stefanic, Michael","683021","2024","124",16.1,8.1,".258",".253",24.2,1.1,26.4,"94.514950889","91.314226629",10.5,41.5
"Baty, Brett","683146","2024","171",24.6,9.4,".282",".280",27.7,5.4,33,"99.354530364","93.683074727",26.2,50.9
"Vaughn, Andrew","683734","2024","619",21.3,6.1,".304",".321",33.6,9.3,43.3,"100.921632928","94.702971332",22,49.4
"Busch, Michael","683737","2024","567",28.6,11.1,".336",".321",36.4,11.2,39.9,"99.992212321","94.370236478",28.4,45.2
"Frelick, Sal","686217","2024","524",14.9,7.4,".292",".277",30,0.8,19.5,"94.439757846","91.272403907",12.8,41.5
"Pasquantino, Vinnie","686469","2024","554",12.8,7.2,".325",".331",31.9,7.1,46.5,"100.997993151","94.970921142",14.5,47.8
"Canzone, Dominic","686527","2024","188",28.2,9.6,".280",".307",31.6,11.1,44.4,"101.759585593","95.324768718",34.4,52.2
"Dunn, Oliver","686554","2024","104",38.5,5.8,".266",".262",33.9,5.4,46.4,"100.995258519","94.782023333",36.2,44.3
"Crews, Dylan","686611","2024","132",19.7,8.3,".283",".325",23.4,6.4,44.7,"101.319603191","94.909751613",22.8,44.6
"Doyle, Brenton","686668","2024","603",25.4,7.6,".328",".333",37.4,10.5,41.4,"100.983223096","94.67619269",29.7,51.4
"Lee, Korey","686676","2024","394",31,4.3,".257",".259",34.1,7.5,37.6,"99.5141412","93.7992936",36.9,58.9
"Massey, Michael","686681","2024","356",15.7,4.2,".317",".312",34.4,7.1,36.9,"98.396031151","93.36810777",17.9,52
"Pagés, Pedro","686780","2024","218",26.6,6,".286",".275",32,4.8,40.4,"99.177856111","93.608837639",26.1,51
"Lee, Brooks","686797","2024","185",14.6,5.9,".252",".276",36.7,4.1,24.5,"95.626582877","91.813291438",20.2,52.3
"Brennan, Will","686823","2024","353",13.6,5.4,".303",".301",31.1,4.6,32.5,"97.132881418","92.582691388",18.1,54.8
"Grissom, Vaughn","687093","2024","114",21.1,6.1,".213",".288",41.5,4.9,32.9,"97.751728293","92.913035244",22.4,45.4
"Hernaiz, Darell","687231","2024","135",20,8.1,".230",".274",30.2,1,33.3,"97.671361702","92.890300968",24.9,46.5
"Neto, Zach","687263","2024","602",23.3,6.5,".330",".318",29,8.4,38.8,"100.130832864","94.28058907",27,48.9
"Scott II, Victor","687363","2024","155",27.1,3.9,".221",".250",33.3,5.7,33.3,"98.5566202","93.434588081",25.8,50.5
"Ortiz, Joey","687401","2024","511",20.2,11,".319",".307",26.6,4.6,38.4,"99.391509467","93.766433018",17,39.4
"Horwitz, Spencer","687462","2024","381",18.4,11,".344",".337",37.4,8,36.6,"98.212716794","93.175509618",19.4,46
"McCray, Grant","687529","2024","130",43.1,4.6,".266",".255",30.9,11.8,44.1,"101.84831875","95.365513125",43.6,53
"Beck, Jordan","687597","2024","184",35.3,6.5,".231",".269",32.1,6.6,32.1,"98.643486981","93.335075283",34.8,53.6
"Encarnacion-Strand, Christian","687952","2024","123",28.5,3.3,".223",".306",27.7,8.4,37.3,"99.937348049","94.262071341",29.4,55.9
"Wisely, Brett","689172","2024","272",23.9,4.8,".272",".260",29.7,5.2,31.6,"96.94857663","92.51248388",22.1,49.5
"Keith, Colt","690993","2024","556",19.8,6.5,".301",".313",34.6,5.6,35.3,"98.472613627","93.330372181",23.2,48.6
"Soderstrom, Tyler","691016","2024","213",24.9,9.4,".322",".348",31.4,14.6,49.6,"102.488225362","95.729746496",30.1,48.7
"Walker, Jordan","691023","2024","178",28.1,5.6,".268",".284",29.3,9.5,43.1,"101.753692241","95.20491069",31.6,49.6
"Winn, Masyn","691026","2024","637",17.1,6.4,".315",".296",33.5,3.7,32.7,"98.144268452","93.085870398",18.8,47
"Caminero, Junior","691406","2024","177",21.5,6.2,".309",".300",25.2,11.8,45.7,"102.966914286","95.641090317",31.7,47.7
"Crow-Armstrong, Pete","691718","2024","410",23.9,5.1,".289",".285",33.3,7.4,36.8,"98.797836565","93.630440766",29.5,60.7
"Gonzales, Nick","693304","2024","387",19.1,4.7,".307",".319",34.1,7.9,36.9,"98.826293958","93.505191185",24.9,56.2
"Chourio, Jackson","694192","2024","573",21.1,6.8,".339",".330",33.2,7.8,44.9,"100.832969557","94.831073407",27.1,48.8
"Kavadas, Niko","694359","2024","106",38.7,10.4,".278",".295",42.3,11.5,40.4,"100.778566538","94.892744038",34.1,39.1
"Schanuel, Nolan","694384","2024","607",17,11.2,".315",".322",36.4,3.5,25.4,"95.305191333","91.662606993",14.3,41.8
"Loperfido, Joey","694388","2024","262",36.3,5,".268",".256",40.7,4,34.7,"97.968544189","93.030415608",35.4,52.4
"Carter, Evan","694497","2024","162",26.5,9.3,".278",".282",33.3,5.9,32.4,"97.157820196","92.58927951",23.4,38.3
"Langford, Wyatt","694671","2024","557",20.6,9.2,".321",".333",31.3,9.3,43.4,"101.211098854","94.807365599",22.9,42.8
"Harris, Brett","695391","2024","123",20.3,13.8,".252",".278",26.6,5.1,36.7,"99.867260769","94.151668718",23.3,41
"Wood, James","695578","2024","336",28.9,11.6,".342",".351",31.3,10.6,52,"104.677013333","97.028448782",29.6,38.2
"Goodman, Hunter","696100","2024","224",28.6,3.6,".274",".282",32.9,12.8,39.6,"100.1496636","94.135665034",31.5,58
"Young, Jacob","696285","2024","521",19.6,5.8,".290",".290",28.1,1.6,28.9,"96.872142235","92.486924676",18.2,44.9
"Sweeney, Trey","700242","2024","119",26.9,5.9,".279",".301",27.8,8.9,46.8,"100.9056095","94.934800886",32.4,50.2
"Rice, Ben","700250","2024","178",27,11.2,".269",".336",34.9,15.6,36.7,"99.671896909","94.277701284",25.8,46
"Manzardo, Kyle","700932","2024","156",26.3,5.8,".303",".276",31.4,9.5,40,"99.627054528","94.056427333",27.6,46.7
"Merrill, Jackson","701538","2024","593",17,4.9,".352",".376",39.6,11.3,43.9,"100.811784978","94.735707484",20.5,56.9
"Lipscomb III, Trey","702358","2024","211",19,7.6,".231",".260",23,0.7,31.6,"97.923016133","92.984215",25.3,50.8
"Holliday, Jackson","702616","2024","208",33.2,7.2,".251",".262",27,8.2,45.1,"100.212039508","94.576202541",33.9,46.1
"Wilson Jr., Jacob","805779","2024","103",9.7,7.8,".281",".291",26.2,0,19,"94.500835238","91.295347952",12.7,49.6
"Yoshida, Masataka","807799","2024","421",12.4,6.4,".336",".324",36.3,5.5,37.5,"99.0909025","93.581912866",14.6,45.4
"Lee, Jung Hoo","808982","2024","158",8.2,6.3,".284",".324",29.1,4.5,41.8,"99.547595821","93.996025338",9.6,43.9