,"last_name, first_name",k_percent,bb_percent,woba,predicted_woba,residuals
0,"Peralta, David",20.8,8.5,0.329,0.32379044503585275,0.005209554964147267
1,"Blackmon, Charlie",17.2,8.6,0.323,0.2939121933394722,0.029087806660527793
2,"Maldonado, Martín",34.7,5.4,0.181,0.24048730221096215,-0.059487302210962156
3,"Solano, Donovan",21.0,7.1,0.333,0.3013121928775103,0.0316878071224897
4,"McCutchen, Andrew",25.8,11.3,0.325,0.30112391675643596,0.02387608324356405
5,"Turner, Justin",17.6,10.9,0.327,0.3249646131380586,0.002035386861941435
6,"Santana, Carlos",16.7,10.9,0.326,0.32410910157545336,0.0018908984245466498
7,"Rojas, Miguel",10.1,6.8,0.327,0.3026950212007985,0.024304978799201515
8,"Pham, Tommy",22.2,7.3,0.297,0.30689713298794774,-0.009897132987947754
9,"Martinez, J.D.",28.5,9.9,0.318,0.3324100448429318,-0.01441004484293179
10,"Goldschmidt, Paul",26.5,7.2,0.31,0.31340682591157637,-0.003406825911576372
11,"Altuve, Jose",17.4,6.9,0.344,0.30246812063674583,0.04153187936325414
12,"Marte, Starling",21.9,7.3,0.313,0.33043158857838645,-0.017431588578386448
13,"d'Arnaud, Travis",26.1,7.0,0.319,0.2998297791747068,0.019170220825293183
14,"Freeman, Freddie",15.7,12.2,0.365,0.38083070952699694,-0.015830709526996944
15,"Grandal, Yasmani",18.9,9.9,0.308,0.3203736860499417,-0.012373686049941712
16,"Heyward, Jason",20.5,8.5,0.3,0.30795447430820805,-0.00795447430820806
17,"LeMahieu, DJ",15.4,8.3,0.239,0.3074279601514563,-0.0684279601514563
18,"Rizzo, Anthony",17.3,7.2,0.285,0.2938417104145804,-0.008841710414580428
19,"Stanton, Giancarlo",31.2,8.3,0.33,0.362587984344098,-0.03258798434409799
20,"Perez, Salvador",19.8,6.7,0.335,0.3516954088791145,-0.01669540887911447
21,"Flores, Wilmer",13.6,8.3,0.262,0.3009007056831257,-0.0389007056831257
22,"Bethancourt, Christian",24.5,3.4,0.263,0.27340907454439595,-0.010409074544395935
23,"Ozuna, Marcell",24.7,10.8,0.395,0.36563061885868975,0.02936938114131027
24,"Grossman, Robbie",23.7,13.9,0.283,0.2823799552507012,0.000620044749298776
25,"Higashioka, Kyle",28.1,5.7,0.314,0.29504298238773596,0.018957017612264038
26,"McCann, James",24.0,5.6,0.288,0.30524634169802695,-0.017246341698026968
27,"Rendon, Anthony",14.7,9.7,0.264,0.3057122177083427,-0.041712217708342714
28,"Semien, Marcus",14.6,8.9,0.306,0.31623018467181396,-0.010230184671813969
29,"Springer III, George",18.7,9.8,0.298,0.31635885203680764,-0.01835885203680765
30,"Vázquez, Christian",20.6,3.5,0.25,0.2853348459991136,-0.03533484599911357
31,"Vargas, Ildemaro",10.2,6.3,0.271,0.2958947462751509,-0.02489474627515087
32,"Grichuk, Randal",16.5,7.2,0.373,0.3452879137128468,0.027712086287153215
33,"Trout, Mike",21.4,12.7,0.365,0.36657777874614683,-0.0015777787461468407
34,"Harper, Bryce",21.9,12.0,0.38,0.36484248885068277,0.015157511149317238
35,"Abreu, José",23.3,3.3,0.164,0.2512454289474356,-0.08724542894743562
36,"Díaz, Elias",19.7,5.7,0.303,0.2945212602734294,0.008478739726570594
37,"Suárez, Eugenio",27.5,7.7,0.337,0.31861229655603995,0.01838770344396007
38,"Urshela, Gio",15.6,5.0,0.281,0.3040936930194375,-0.023093693019437478
39,"Arenado, Nolan",14.5,6.9,0.314,0.3045566795115252,0.009443320488474793
40,"Farmer, Kyle",20.2,7.9,0.285,0.2973300368525342,-0.012330036852534199
41,"Haniger, Mitch",29.8,9.5,0.277,0.29559923171634456,-0.018599231716344533
42,"Hernández, Enrique",19.6,6.9,0.285,0.3138852845726045,-0.02888528457260453
43,"Maile, Luke",33.8,8.4,0.241,0.2476998801094117,-0.006699880109411721
44,"Muncy, Max",26.3,15.4,0.362,0.3339070504493779,0.02809294955062208
45,"Singleton, Jon",27.4,11.6,0.312,0.3099441196519747,0.002055880348025285
46,"Taylor, Michael A.",35.0,7.7,0.242,0.27391266907839,-0.03191266907839002
47,"Walker, Christian",24.1,10.0,0.343,0.34710426834430747,-0.004104268344307438
48,"Carpenter, Matt",32.5,9.6,0.303,0.2929597841449311,0.010040215855068868
49,"Yastrzemski, Mike",26.2,8.0,0.319,0.290786806731223,0.028213193268777026
50,"Contreras, Willson",26.8,12.6,0.37,0.3526117863506723,0.01738821364932769
51,"Iglesias, Jose",13.4,4.1,0.362,0.29942820628062483,0.06257179371937516
52,"Bryant, Kris",31.0,8.4,0.287,0.27671199661362733,0.010288003386372646
53,"Canha, Mark",20.8,11.0,0.31,0.30180353133614346,0.008196468663856538
54,"Casali, Curt",17.6,10.4,0.254,0.26744179332228485,-0.013441793322284845
55,"Castellanos, Nick",21.1,6.2,0.321,0.32167355525914676,-0.000673555259146752
56,"Drury, Brandon",22.5,7.5,0.217,0.27569718416056693,-0.058697184160566934
57,"Judge, Aaron",24.3,18.9,0.476,0.43885078629839264,0.03714921370160734
58,"Machado, Manny",19.3,7.0,0.34,0.3469042278030906,-0.006904227803090579
59,"Pederson, Joc",23.4,12.2,0.391,0.35019608122463314,0.040803918775366876
60,"Realmuto, J.T.",24.7,6.5,0.326,0.3188708943922325,0.0071291056077675274
61,"Renfroe, Hunter",19.8,8.5,0.302,0.302378727010943,-0.0003787270109429919
62,"Rosario, Eddie",24.1,5.0,0.23,0.27086221081994594,-0.04086221081994593
63,"Yelich, Christian",18.4,12.7,0.391,0.36522717269338506,0.025772827306614954
64,"Merrifield, Whit",15.5,10.4,0.283,0.29093431772483935,-0.00793431772483938
65,"Bogaerts, Xander",17.1,6.0,0.3,0.2906020977597082,0.0093979022402918
66,"Polanco, Jorge",29.3,9.8,0.288,0.2970963448305332,-0.009096344830533232
67,"Duvall, Adam",30.0,6.4,0.252,0.2634915978507498,-0.011491597850749824
68,"Kiermaier, Kevin",30.6,4.3,0.241,0.23683177118856097,0.004168228811439023
69,"Profar, Jurickson",15.1,11.4,0.365,0.34679570548785194,0.018204294512148056
70,"Báez, Javier",23.9,4.2,0.224,0.2782633264493179,-0.05426332644931789
71,"Cave, Jake",28.3,5.2,0.295,0.27501712510376153,0.019982874896238456
72,"Hedges, Austin",34.2,4.1,0.191,0.18889878616411224,0.0021012138358877663
73,"Lindor, Francisco",18.4,8.1,0.363,0.336963404784533,0.026036595215466973
74,"Slater, Austin",28.3,12.3,0.273,0.30718652417140024,-0.03418652417140022
75,"Story, Trevor",31.1,10.4,0.318,0.2812103143842564,0.036789685615743584
76,"Stubbs, Garrett",26.7,9.1,0.258,0.23813074990299732,0.01986925009700269
77,"Sánchez, Gary",27.1,9.6,0.307,0.3097400249863372,-0.002740024986337186
78,"Kepler, Max",20.1,5.5,0.298,0.3087026073929128,-0.010702607392912789
79,"Candelario, Jeimer",24.6,5.8,0.304,0.2778531050591388,0.0261468949408612
80,"Urías, Ramón",18.3,7.6,0.325,0.30726446590666184,0.017735534093338168
81,"Ahmed, Nick",22.4,4.8,0.248,0.2474608228079063,0.0005391771920937038
82,"Barnes, Austin",23.1,9.0,0.289,0.2758362933419794,0.01316370665802058
83,"Bell, Josh",19.9,8.5,0.317,0.31433875110259174,0.0026612488974082638
84,"Betts, Mookie",11.0,11.8,0.371,0.3572425313276939,0.013757468672306095
85,"Caratini, Victor",19.3,8.4,0.324,0.33121974940139626,-0.007219749401396247
86,"Davis, J.D.",24.8,7.6,0.282,0.29012569564149354,-0.008125695641493569
87,"Martini, Nick",23.3,5.5,0.279,0.27728044094254806,0.0017195590574519692
88,"Arcia, Orlando",21.3,6.8,0.273,0.28325275412993184,-0.010252754129931818
89,"Hernández, Teoscar",28.8,8.1,0.36,0.3203376537987078,0.039662346201292165
90,"Marte, Ketel",18.2,11.1,0.391,0.37278738542439666,0.01821261457560336
91,"Nimmo, Brandon",23.8,11.6,0.321,0.33303529460150605,-0.012035294601506041
92,"Turner, Trea",18.2,5.0,0.349,0.3007648618972238,0.04823513810277619
93,"Pillar, Kevin",22.0,5.1,0.293,0.2769737376530253,0.016026262346974685
94,"Stallings, Jacob",23.1,9.6,0.353,0.309805915053537,0.043194084946462985
95,"Ramírez, José",12.0,7.9,0.364,0.33709050777108346,0.02690949222891653
96,"Bregman, Alex",13.6,6.9,0.331,0.3198490971194351,0.011150902880564917
97,"Gallo, Joey",39.2,12.3,0.276,0.28382464137133034,-0.007824641371330321
98,"Kelly, Carson",17.6,8.0,0.304,0.29393748345467696,0.01006251654532303
99,"Seager, Corey",18.0,9.9,0.365,0.3789696975268035,-0.013969697526803493
100,"Winker, Jesse",20.9,12.4,0.338,0.31239208340016783,0.025607916599832192
101,"Jankowski, Travis",21.3,5.8,0.234,0.23430981706384266,-0.0003098170638426434
102,"Refsnyder, Rob",25.4,9.1,0.358,0.31793939413069555,0.04006060586930443
103,"Meneses, Joey",20.1,6.7,0.264,0.2974966727038104,-0.033496672703810404
104,"Andujar, Miguel",13.2,4.1,0.306,0.27716555148955063,0.028834448510449362
105,"Torrens, Luis",21.5,6.9,0.292,0.3060111661013367,-0.014011166101336736
106,"Swanson, Dansby",24.3,9.1,0.307,0.3098242765457924,-0.0028242765457924257
107,"Newman, Kevin",15.4,4.8,0.298,0.2472668024562068,0.050733197543793185
108,"Taylor, Chris",30.9,11.4,0.272,0.30454218115429993,-0.03254218115429991
109,"Correa, Carlos",16.6,10.9,0.385,0.36240875005874246,0.022591249941257552
110,"Taylor, Tyrone",23.2,5.5,0.304,0.2945583642564055,0.009441635743594468
111,"Buxton, Byron",25.5,5.2,0.366,0.3311877084225692,0.034812291577430765
112,"Stewart, DJ",24.7,16.0,0.29,0.34260609096327144,-0.05260609096327146
113,"Ward, Taylor",24.6,9.5,0.325,0.3317208252920964,-0.0067208252920963885
114,"Nido, Tomás",25.0,3.6,0.231,0.2951573739921902,-0.06415737399219021
115,"Wisdom, Patrick",33.9,5.7,0.271,0.2588179055137544,0.012182094486245632
116,"Olson, Matt",24.8,10.4,0.339,0.3461171514794726,-0.007117151479472561
117,"Margot, Manuel",15.7,6.1,0.276,0.3022071861454194,-0.026207186145419392
118,"Mateo, Jorge",23.1,4.8,0.286,0.28485747664662814,0.0011425233533718382
119,"Ramírez, Harold",20.3,2.0,0.265,0.25963938473355264,0.005360615266447377
120,"Santander, Anthony",19.4,8.7,0.345,0.3299906483016079,0.01500935169839207
121,"Alonso, Pete",24.7,10.1,0.34,0.32587365579827565,0.014126344201724372
122,"Biggio, Cavan",32.1,10.7,0.285,0.23596825058466508,0.04903174941533489
123,"Conforto, Michael",24.2,8.6,0.327,0.3231702363140963,0.0038297636859037087
124,"Frazier, Adam",20.1,7.5,0.261,0.2811081083113121,-0.0201081083113121
125,"Trevino, Jose",17.5,8.5,0.284,0.2825823828117333,0.0014176171882666622
126,"Gordon, Nick",24.4,4.0,0.271,0.2667923741978615,0.004207625802138515
127,"McGuire, Reese",24.7,8.2,0.259,0.25306606479152877,0.0059339352084712416
128,"Soler, Jorge",24.6,11.8,0.34,0.33635677871871333,0.0036432212812866904
129,"Sosa, Edmundo",24.1,4.7,0.318,0.28558205647385587,0.03241794352614413
130,"Ibáñez, Andy",25.8,6.1,0.287,0.27682502642648354,0.010174973573516433
131,"Cronenworth, Jake",18.0,9.3,0.315,0.3271284767208139,-0.012128476720813908
132,"Anderson, Tim",28.2,2.9,0.208,0.235465289362987,-0.027465289362987005
133,"Bauers, Jake",34.1,11.3,0.294,0.30675945915031155,-0.01275945915031157
134,"Bellinger, Cody",15.6,7.9,0.322,0.30371055112829065,0.018289448871709357
135,"Calhoun, Willie",12.2,9.1,0.305,0.3209760885327581,-0.015976088532758115
136,"Crawford, J.P.",22.6,11.5,0.283,0.3022345213778108,-0.019234521377810843
137,"Fraley, Jake",18.3,6.8,0.314,0.28768601604316874,0.026313983956831266
138,"Garver, Mitch",30.9,12.3,0.281,0.297380477392032,-0.016380477392031967
139,"Guillorme, Luis",19.3,12.3,0.263,0.28352455472584953,-0.02052455472584952
140,"Hampson, Garrett",25.5,6.1,0.255,0.2583402192776827,-0.0033402192776826878
141,"Heim, Jonah",18.3,5.3,0.265,0.28893245841656484,-0.023932458416564828
142,"McMahon, Ryan",28.7,10.7,0.315,0.3370185267135909,-0.02201852671359089
143,"O'Neill, Tyler",33.6,11.2,0.36,0.320463247753062,0.03953675224693798
144,"Smith, Dominic",24.8,9.1,0.306,0.30766302946227453,-0.0016630294622745345
145,"Tellez, Rowdy",21.1,7.4,0.301,0.3088272949029271,-0.007827294902927107
146,"Thaiss, Matt",31.2,15.1,0.286,0.3154474355996362,-0.029447435599636196
147,"Wade, Tyler",18.6,7.1,0.242,0.26710973402505106,-0.025109734025051067
148,"Siri, Jose",37.9,6.9,0.271,0.2770078414747093,-0.006007841474709286
149,"Rosario, Amed",21.1,2.6,0.299,0.27942912555881944,0.019570874441180552
150,"Adames, Willy",25.1,10.8,0.342,0.32895382990618827,0.01304617009381176
151,"Estrada, Thairo",19.9,2.6,0.256,0.25934530793364113,-0.0033453079336411284
152,"Benintendi, Andrew",18.4,7.9,0.298,0.30379002591792736,-0.005790025917927377
153,"Cooper, Garrett",30.2,6.0,0.253,0.3072361142350623,-0.054236114235062305
154,"Dubón, Mauricio",12.9,3.7,0.286,0.2793778174810847,0.006622182518915276
155,"Jansen, Danny",18.8,12.3,0.294,0.31179428660598596,-0.017794286605985976
156,"Kiner-Falefa, Isiah",15.7,3.2,0.299,0.2679112084057033,0.031088791594296672
157,"McNeil, Jeff",14.4,7.4,0.304,0.302981041940526,0.0010189580594739955
158,"Tauchman, Mike",20.0,13.4,0.325,0.33794642299996625,-0.012946422999966234
159,"Albies, Ozzie",14.9,6.2,0.307,0.3021045827146846,0.0048954172853153954
160,"Robles, Victor",18.0,7.1,0.357,0.30283439560379366,0.054165604396206324
161,"Herrera, Jose",23.7,7.9,0.271,0.26070023162018274,0.010299768379817276
162,"Devers, Rafael",24.5,11.1,0.364,0.36737978446601227,-0.003379784466012281
163,"Naylor, Josh",16.6,9.2,0.332,0.3308318268388332,0.0011681731611667967
164,"Toro, Abraham",17.0,5.5,0.283,0.28891641571549476,-0.005916415715494783
165,"Urías, Luis",31.2,8.3,0.309,0.30886697272731717,0.00013302727268282855
166,"Arraez, Luis",4.3,3.6,0.323,0.31437971687426397,0.008620283125736039
167,"Jiménez, Eloy",20.1,6.3,0.276,0.31342017264940447,-0.03742017264940445
168,"Torres, Gleyber",20.5,9.8,0.313,0.32046694000472087,-0.007466940004720868
169,"Castro, Willi",23.6,8.0,0.317,0.31482765913741273,0.002172340862587274
170,"Díaz, Yandy",15.3,8.1,0.331,0.3422394702458783,-0.011239470245878291
171,"De La Cruz, Bryan",27.3,4.7,0.283,0.28894982050523665,-0.00594982050523668
172,"Rengifo, Luis",14.5,5.3,0.335,0.28889441491597284,0.04610558508402718
173,"Monasterio, Andruw",28.2,11.3,0.266,0.30193959734777354,-0.03593959734777352
174,"Adams, Riley",26.9,7.7,0.275,0.30368786428045746,-0.028687864280457442
175,"Bouchard, Sean",30.6,11.1,0.266,0.2695422495948517,-0.0035422495948516652
176,"Chapman, Matt",24.4,9.9,0.34,0.34330737584469057,-0.003307375844690541
177,"Fairchild, Stuart",25.8,7.3,0.288,0.26962264943046865,0.018377350569531326
178,"Hill, Derek",32.6,2.9,0.296,0.266975028162227,0.029024971837772973
179,"Hilliard, Sam",35.4,8.9,0.342,0.3035366657156493,0.038463334284350725
180,"Hoskins, Rhys",28.8,10.3,0.313,0.28620518578011567,0.026794814219884333
181,"Jackson, Alex",34.2,7.7,0.2,0.22339430298526392,-0.023394302985263904
182,"Joe, Connor",21.9,10.6,0.305,0.29431847527377203,0.010681524726227964
183,"McKinstry, Zach",21.2,7.4,0.27,0.2984745555187964,-0.028474555518796407
184,"Mullins II, Cedric",19.6,8.2,0.31,0.2960211485767788,0.013978851423221195
185,"O'Hearn, Ryan",14.0,9.3,0.33,0.3401023701764901,-0.010102370176490072
186,"Rivera, Emmanuel",22.8,8.6,0.291,0.3124361098456048,-0.021436109845604845
187,"Schwarber, Kyle",28.5,15.3,0.366,0.3636872475455493,0.002312752454450673
188,"Smith, Pavin",19.6,11.4,0.377,0.34549161152216523,0.03150838847783477
189,"Thomas, Lane",25.9,8.3,0.309,0.295871937507071,0.013128062492928971
190,"Verdugo, Alex",15.0,7.9,0.283,0.3037146146413221,-0.020714614641322127
191,"Wong, Connor",23.4,5.7,0.33,0.2792277284379176,0.050772271562082416
192,"DeJong, Paul",32.4,4.8,0.302,0.28280209591196603,0.019197904088033957
193,"Laureano, Ramón",31.1,4.9,0.324,0.29121028319014086,0.03278971680985915
194,"Sheets, Gavin",21.2,8.6,0.291,0.3263937903688712,-0.03539379036887119
195,"Olivares, Edward",18.9,8.2,0.276,0.3152249441101286,-0.03922494411012856
196,"Ohtani, Shohei",22.2,11.1,0.431,0.3972389032473114,0.03376109675268857
197,"Bruján, Vidal",19.4,9.0,0.276,0.27247066866390895,0.0035293313360910683
198,"Acuña Jr., Ronald",23.9,12.2,0.322,0.347701337499381,-0.025701337499380972
199,"Ruiz, Keibert",11.1,3.3,0.268,0.2768562699844441,-0.00885626998444411
200,"Montero, Elehuris",22.7,8.1,0.254,0.30475476767752924,-0.05075476767752923
201,"Yepez, Juan",16.9,7.2,0.331,0.2973585039906683,0.033641496009331695
202,"Sánchez, Jesús",26.1,7.6,0.317,0.3373016106609214,-0.0203016106609214
203,"Contreras, William",20.5,11.5,0.359,0.35325934169503664,0.005740658304963342
204,"Varsho, Daulton",26.7,9.4,0.304,0.28209936404137465,0.021900635958625347
205,"Perkins, Blake",24.9,9.7,0.288,0.28292133645875644,0.005078663541243533
206,"Nootbaar, Lars",19.5,12.8,0.331,0.3494116613341209,-0.018411661334120866
207,"Nevin, Tyler",23.0,9.0,0.276,0.3142434531642577,-0.0382434531642577
208,"Hoerner, Nico",10.3,6.9,0.313,0.30924290329338133,0.003757096706618668
209,"Riley, Austin",25.2,7.9,0.338,0.347395554604461,-0.009395554604460954
210,"Larnach, Trevor",22.3,10.0,0.336,0.3457026775518161,-0.009702677551816086
211,"Mountcastle, Ryan",22.5,5.3,0.316,0.32898370072367805,-0.012983700723678049
212,"Hayes, Ke'Bryan",18.9,5.8,0.256,0.2940111979471603,-0.03801119794716029
213,"Tucker, Kyle",15.9,16.5,0.419,0.38494382536668453,0.03405617463331545
214,"Cameron, Daz",27.4,7.0,0.258,0.3114756004381703,-0.05347560043817029
215,"India, Jonathan",19.6,12.6,0.333,0.33950465396233565,-0.006504653962335627
216,"Bart, Joey",25.9,7.8,0.347,0.3016522229273621,0.045347777072637874
217,"Raleigh, Cal",28.0,11.1,0.323,0.33732088054520193,-0.01432088054520192
218,"Fortes, Nick",12.2,3.3,0.252,0.26312202751171354,-0.01112202751171354
219,"Grisham, Trent",27.3,10.5,0.295,0.2805442834051801,0.014455716594819867
220,"Vierling, Matt",21.3,7.2,0.317,0.3084525729838416,0.008547427016158404
221,"Gonzalez, Romy",26.9,5.6,0.311,0.3176867471641889,-0.006686747164188878
222,"Stephenson, Tyler",22.7,9.3,0.339,0.3129439279807096,0.026056072019290444
223,"Rodgers, Brendan",24.5,5.8,0.314,0.30317985474715364,0.010820145252846358
224,"Lowe, Nathaniel",22.1,12.6,0.337,0.33042196246370775,0.006578037536292269
225,"Happ, Ian",25.6,12.2,0.341,0.34437299629898865,-0.0033729962989886286
226,"France, Ty",21.3,7.1,0.296,0.2991869129327163,-0.003186912932716335
227,"Lowe, Brandon",26.4,7.8,0.335,0.3331470245137905,0.001852975486209496
228,"Bader, Harrison",21.7,4.8,0.285,0.2841302466542262,0.0008697533457737716
229,"Moore, Dylan",27.9,12.0,0.306,0.3128095347372755,-0.006809534737275524
230,"Florial, Estevan",36.9,9.9,0.277,0.28316419673080134,-0.006164196730801319
231,"Isbel, Kyle",20.7,6.3,0.286,0.27425695282052465,0.01174304717947533
232,"Bohm, Alec",14.2,6.6,0.335,0.33830161894182353,-0.0033016189418235142
233,"Wade Jr., LaMonte",22.4,15.5,0.337,0.36921240282959683,-0.03221240282959681
234,"Mendick, Danny",24.8,4.3,0.247,0.23109986557761134,0.015900134422388662
235,"Brown, Seth",28.0,6.3,0.289,0.3023673940020085,-0.013367394002008537
236,"McCarthy, Jake",15.8,6.3,0.329,0.27272540203394807,0.05627459796605194
237,"Clemens, Kody",24.2,4.2,0.301,0.27301538319964164,0.027984616800358353
238,"Peña, Jeremy",17.1,3.8,0.305,0.2899160844989483,0.015083915501051703
239,"Tatis Jr., Fernando",21.9,7.3,0.359,0.3500572791812494,0.008942720818750582
240,"Guerrero Jr., Vladimir",13.8,10.3,0.398,0.39958274429100105,-0.0015827442910010259
241,"Pache, Cristian",35.0,9.3,0.25,0.259249814003403,-0.009249814003403023
242,"Soto, Juan",16.7,18.1,0.421,0.42251991751968204,-0.001519917519682057
243,"Taveras, Leody",21.2,7.9,0.282,0.30005136004036786,-0.018051360040367892
244,"Amaya, Miguel",17.1,6.3,0.283,0.3137533394404471,-0.030753339440447114
245,"Cabrera, Oswaldo",19.3,6.4,0.29,0.2906210183496538,-0.0006210183496538346
246,"Cruz, Oneil",30.2,8.5,0.331,0.3493807931862175,-0.018380793186217492
247,"Valdez, Enmanuel",23.8,7.6,0.275,0.2955422231555775,-0.020542223155577466
248,"Chisholm Jr., Jazz",24.5,8.5,0.327,0.2959096369085529,0.031090363091447137
249,"Giménez, Andrés",15.3,4.1,0.281,0.2830501208973335,-0.002050120897333474
250,"Chaparro, Andrés",18.2,5.3,0.301,0.2810006532891954,0.01999934671080461
251,"Aranda, Jonathan",22.4,8.4,0.32,0.3246840267289725,-0.004684026728972501
252,"Fermin, Freddy",17.9,6.3,0.3,0.2852347990454534,0.014765200954546587
253,"Jones, Nolan",30.6,12.1,0.287,0.3085219593880974,-0.021521959388097422
254,"Kirilloff, Alex",26.4,8.4,0.282,0.2857357315584615,-0.003735731558461519
255,"Lowe, Josh",31.8,8.3,0.299,0.3089832885641818,-0.009983288564181791
256,"Fitzgerald, Tyler",31.7,6.5,0.357,0.2712422365306594,0.08575776346934061
257,"Fletcher, Dominic",24.1,4.6,0.227,0.26534636293916714,-0.03834636293916713
258,"Hamilton, David",25.2,6.9,0.305,0.2884895550440425,0.016510444955957493
259,"Lux, Gavin",22.6,9.0,0.31,0.3072558503493667,0.0027441496506332985
260,"Moniak, Mickey",27.3,5.0,0.281,0.2792536322628075,0.0017463677371925002
261,"Rortvedt, Ben",26.8,10.4,0.283,0.269110664113359,0.013889335886640986
262,"Adell, Jo",27.9,7.8,0.296,0.3101672970917869,-0.014167297091786935
263,"Benson, Will",39.7,10.3,0.285,0.27997930053407016,0.005020699465929812
264,"Bichette, Bo",19.0,6.0,0.264,0.31741534100130503,-0.05341534100130502
265,"Carlson, Dylan",28.3,8.3,0.257,0.2546280085545194,0.0023719914454806146
266,"Naylor, Bo",31.4,7.5,0.269,0.2678555731527291,0.0011444268472708963
267,"Julien, Edouard",33.9,11.0,0.278,0.2915386624664683,-0.013538662466468288
268,"Encarnacion, Jerar",28.6,4.2,0.301,0.33526765287587973,-0.03426765287587974
269,"Morel, Christopher",26.0,10.0,0.28,0.30283961502890555,-0.022839615028905524
270,"García, Adolis",27.8,7.1,0.296,0.31055098819436205,-0.014550988194362069
271,"Gurriel Jr., Lourdes",18.3,5.2,0.327,0.30638567593730115,0.020614324062698863
272,"Julks, Corey",26.5,7.9,0.26,0.2703836350744791,-0.010383635074479092
273,"Myers, Dane",33.3,7.4,0.335,0.27610283651518164,0.05889716348481838
274,"Rooker Jr., Brent",28.8,9.6,0.392,0.34462837429851856,0.04737162570148146
275,"Arozarena, Randy",26.1,11.3,0.32,0.30373380825862467,0.016266191741375335
276,"Rogers, Jake",29.4,6.5,0.264,0.2738031664430179,-0.009803166443017874
277,"Bleday, JJ",19.5,10.4,0.33,0.32858566969388464,0.0014143303061153745
278,"Steer, Spencer",20.9,11.0,0.316,0.3205417349130226,-0.0045417349130226214
279,"Reynolds, Bryan",22.5,8.2,0.343,0.3326646134094821,0.010335386590517914
280,"McCann, Kyle",37.6,10.2,0.304,0.27463178824829376,0.02936821175170623
281,"Martin, Austin",18.3,7.8,0.297,0.30518766647413176,-0.008187666474131772
282,"Vientos, Mark",29.7,7.3,0.356,0.3135517916275163,0.0424482083724837
283,"Lewis, Royce",22.8,8.6,0.317,0.32005061129189055,-0.003050611291890548
284,"Turang, Brice",17.0,8.1,0.294,0.29265574689512325,0.0013442531048767359
285,"Rutschman, Adley",16.1,9.1,0.309,0.31809794248189216,-0.009097942481892163
286,"Rojas, Josh",22.7,9.7,0.286,0.30326914303737457,-0.01726914303737459
287,"Mitchell, Garrett",31.7,11.2,0.351,0.3089256723972503,0.042074327602749706
288,"Melendez Jr., MJ",25.1,7.8,0.292,0.3055267512077631,-0.013526751207763144
289,"Marsh, Brandon",32.4,10.5,0.326,0.3198706244923929,0.0061293755076071155
290,"Stowers, Kyle",35.4,6.2,0.265,0.2970350139147955,-0.03203501391479546
291,"Langeliers, Shea",27.2,7.7,0.315,0.3197302450451025,-0.004730245045102499
292,"Campusano, Luis",13.7,6.7,0.282,0.2971207003626613,-0.015120700362661332
293,"Murphy, Sean",25.4,10.2,0.281,0.2858912046206351,-0.004891204620635081
294,"Senzel, Nick",22.8,10.5,0.273,0.2972913346979279,-0.02429133469792788
295,"Wells, Austin",21.0,11.4,0.315,0.33191588885778295,-0.016915888857782946
296,"Malloy, Justyn-Henry",37.0,10.0,0.291,0.25664568937600296,0.03435431062399702
297,"Edman, Tommy",19.6,7.2,0.307,0.27952409895460534,0.027475901045394657
298,"Smith, Will",19.3,9.4,0.326,0.33152903015714846,-0.005529030157148451
299,"Suwinski, Jack",28.5,9.7,0.26,0.2943115269003327,-0.03431152690033268
300,"Espinal, Santiago",13.8,6.1,0.285,0.2842005125734217,0.0007994874265782603
301,"Miranda, Jose",15.4,4.2,0.328,0.30891861677591403,0.01908138322408598
302,"Gorman, Nolan",37.6,8.5,0.29,0.29907569043797194,-0.009075690437971962
303,"Edwards, Xavier",17.2,10.9,0.359,0.3058749247841433,0.05312507521585669
304,"Burger, Jake",25.9,5.4,0.325,0.3197084231714055,0.005291576828594491
305,"Allen, Nick",19.0,4.8,0.207,0.22548749335436166,-0.018487493354361673
306,"Schmitt, Casey",22.1,3.5,0.323,0.2784732235182768,0.04452677648172321
307,"Smith, Josh",20.4,7.8,0.323,0.29904638028504077,0.02395361971495924
308,"Triolo, Jared",26.5,9.4,0.275,0.31508209408676274,-0.04008209408676272
309,"Hays, Austin",23.1,3.5,0.303,0.28473984765690824,0.01826015234309175
310,"Call, Alex",16.8,10.6,0.412,0.29557685823716034,0.11642314176283963
311,"Toglia, Michael",32.1,11.8,0.329,0.3399178042267203,-0.010917804226720285
312,"Lopez, Nicky",15.1,8.3,0.275,0.2688293515001634,0.006170648499836617
313,"Raley, Luke",29.7,5.9,0.339,0.29163919176667186,0.04736080823332817
314,"Mastrobuoni, Miles",16.0,6.6,0.214,0.28071534306859736,-0.06671534306859736
315,"Wallner, Matt",36.4,9.2,0.385,0.3314198059974552,0.05358019400254482
316,"Alvarez, Yordan",15.0,10.9,0.402,0.3860776438305044,0.01592235616949561
317,"Paredes, Isaac",16.4,11.9,0.327,0.31637791863135506,0.010622081368644953
318,"Walls, Taylor",26.6,12.3,0.245,0.2632858226229239,-0.018285822622923886
319,"Friedl Jr., TJ",15.2,7.6,0.305,0.28668843553447027,0.01831156446552973
320,"Herrera, Iván",20.5,9.7,0.351,0.33926813487262664,0.011731865127373342
321,"Casas, Triston",31.7,12.3,0.342,0.32164234019481475,0.02035765980518528
322,"Ramos, Heliot",26.1,7.1,0.339,0.32254002050461444,0.01645997949538558
323,"García, Luis",16.3,5.1,0.328,0.3144408503968597,0.013559149603140308
324,"Freeman, Tyler",13.8,7.3,0.283,0.30817762753058436,-0.02517762753058439
325,"Butler, Lawrence",23.9,7.8,0.345,0.32520389416467305,0.019796105835326927
326,"Harris II, Michael",20.0,4.9,0.312,0.3361148621123739,-0.024114862112373903
327,"Bailey, Patrick",22.3,8.7,0.281,0.3328160572276644,-0.05181605722766436
328,"Siani, Michael",27.5,6.3,0.257,0.24805678716005639,0.00894321283994362
329,"Kelenic, Jarred",29.6,7.1,0.294,0.3032679138597528,-0.009267913859752841
330,"Arias, Gabriel",32.9,3.7,0.263,0.2872908809718962,-0.02429088097189619
331,"Kirk, Alejandro",13.2,9.1,0.297,0.340676862359432,-0.04367686235943202
332,"Moreno, Gabriel",14.8,11.7,0.325,0.3427835192623229,-0.01778351926232291
333,"Garcia, Maikel",16.5,6.7,0.27,0.3179441553971327,-0.047944155397132704
334,"Lopez, Otto",17.3,5.8,0.302,0.30194633808166615,5.3661918333836045e-05
335,"Perdomo, Geraldo",14.9,9.3,0.317,0.28272174085401486,0.034278259145985146
336,"Pérez, Wenceel",21.6,7.5,0.299,0.29575776017807115,0.0032422398219288384
337,"Sosa, Lenyn",20.9,3.3,0.28,0.3136116972718595,-0.033611697271859475
338,"Diaz, Yainer",17.3,3.9,0.329,0.327776116151694,0.0012238838483060177
339,"Robert Jr., Luis",33.2,6.6,0.285,0.29428458577498,-0.009284585774980036
340,"Kim, Ha-Seong",16.4,12.3,0.308,0.33624941365953137,-0.028249413659531375
341,"Suzuki, Seiya",27.4,10.8,0.365,0.341318012661545,0.023681987338455
342,"Jung, Josh",25.5,4.3,0.311,0.28118833443529306,0.029811665564706935
343,"Westburg, Jordan",21.7,4.9,0.34,0.32588756131442803,0.014112438685571993
344,"Noda, Ryan",33.3,12.6,0.223,0.2588806280444459,-0.03588062804444589
345,"DeLuca, Jonny",21.3,6.6,0.269,0.2747398891626629,-0.005739889162662881
346,"Velázquez, Nelson",26.5,8.3,0.28,0.28277865092346904,-0.002778650923469017
347,"Clement, Ernie",9.1,2.4,0.297,0.28927217215775697,0.007727827842243018
348,"Burleson, Alec",12.8,5.9,0.319,0.3285364191048727,-0.009536419104872684
349,"Caballero, José",27.5,5.6,0.277,0.25255038340682195,0.02444961659317807
350,"Meyers, Jake",22.8,6.8,0.285,0.3012451196179149,-0.016245119617914916
351,"McCormick, Chas",27.0,6.4,0.257,0.2711314210674621,-0.014131421067462069
352,"Schneider, Davis",31.7,10.4,0.277,0.2957997237636827,-0.018799723763682663
353,"Kjerstad, Heston",28.9,8.8,0.327,0.2937014073164008,0.03329859268359919
354,"Rocchio, Brayan",20.4,10.0,0.276,0.29449297855354417,-0.018492978553544148
355,"Tena, José",24.4,4.2,0.286,0.2879870505028683,-0.0019870505028683483
356,"Rodríguez, Julio",25.4,6.2,0.321,0.3282822353708207,-0.007282235370820678
357,"Duran, Ezequiel",22.1,4.9,0.27,0.27485095857724196,-0.004850958577241937
358,"Abreu, Wilyer",28.0,8.9,0.336,0.31679708589886707,0.01920291410113295
359,"Jimenez, Leo",28.1,5.7,0.308,0.27816213055082767,0.029837869449172327
360,"Alexander, Blaze",26.5,8.1,0.298,0.26065175624629905,0.03734824375370094
361,"Thomas, Alek",16.5,6.8,0.262,0.31283091304989974,-0.05083091304989973
362,"Witt Jr., Bobby",15.0,8.0,0.41,0.3741476924592501,0.03585230754074986
363,"Meadows, Parker",25.5,8.4,0.321,0.2865693348518379,0.03443066514816212
364,"Vargas, Miguel",24.1,10.5,0.233,0.2663296229140815,-0.03332962291408151
365,"Mead, Curtis",22.7,4.5,0.255,0.2987551387155787,-0.04375513871557868
366,"Tovar, Ezequiel",28.8,3.3,0.324,0.2885339061838495,0.03546609381615051
367,"Noel, Jhonkensy",31.8,6.6,0.331,0.28116106117617246,0.04983893882382756
368,"Rafaela, Ceddanne",26.4,2.6,0.286,0.27114819871106977,0.014851801288930211
369,"Rojas, Johan",19.0,3.6,0.265,0.23948306036950506,0.02551693963049495
370,"Torkelson, Spencer",27.6,8.7,0.295,0.2888416673221617,0.006158332677838274
371,"Loftin, Nick",14.0,11.1,0.242,0.2944328660219015,-0.0524328660219015
372,"Blanco, Dairon",24.2,6.1,0.306,0.27612010941018855,0.029879890589811442
373,"Schuemann, Max",25.9,10.2,0.281,0.3038467967198625,-0.02284679671986245
374,"Palacios, Richie",21.2,14.2,0.303,0.3231163677818487,-0.02011636778184872
375,"Barger, Addison",26.7,6.2,0.262,0.290893017662032,-0.028893017662032006
376,"Kwan, Steven",9.4,9.8,0.349,0.31760448208232367,0.03139551791767631
377,"Duran, Jarren",21.8,7.3,0.357,0.3261192925839195,0.03088070741608051
378,"Jeffers, Ryan",20.2,6.9,0.317,0.29669606516588765,0.020303934834112358
379,"Davis, Henry",36.9,10.7,0.213,0.2487060999958008,-0.035706099995800794
380,"Gelof, Zack",34.4,6.9,0.276,0.2676760403702715,0.008323959629728539
381,"Donovan, Brendan",12.4,7.2,0.332,0.32619346992408915,0.005806530075910865
382,"Stott, Bryson",16.3,9.3,0.296,0.3096650122351159,-0.013665012235115903
383,"Bride, Jonah",20.2,11.0,0.351,0.2897754788138589,0.06122452118614108
384,"Cowser, Colton",30.7,9.3,0.331,0.3029695787903039,0.02803042120969612
385,"O'Hoppe, Logan",29.7,6.3,0.311,0.3225562110865114,-0.011556211086511392
386,"Norby, Connor",33.0,7.7,0.316,0.31791448402587075,-0.001914484025870744
387,"Baldwin, Brooks",25.6,5.0,0.249,0.2687314826714166,-0.01973148267141661
388,"Carpenter, Kerry",25.3,7.4,0.39,0.32808111331553336,0.061918886684466656
389,"Outman, James",35.3,10.3,0.242,0.301484340883566,-0.05948434088356602
390,"Pages, Andy",24.4,6.5,0.31,0.3230070484066361,-0.01300704840663608
391,"Fry, David",21.4,10.7,0.347,0.3290662589021982,0.01793374109780177
392,"Schneemann, Daniel",31.7,11.3,0.295,0.30988967415915564,-0.014889674159155653
393,"Marte, Noelvi",31.0,3.7,0.243,0.2575501960156186,-0.014550196015618633
394,"Alvarez, Francisco",25.1,8.8,0.31,0.2981565570818321,0.011843442918167912
395,"Matos, Luis",15.4,3.2,0.25,0.28220182195141147,-0.03220182195141147
396,"Martínez, Angel",19.5,8.9,0.282,0.2838012233629665,-0.0018012233629665086
397,"De La Cruz, Elly",31.3,9.9,0.349,0.323722681919514,0.025277318080486
398,"Ramos, Bryan",20.4,6.5,0.257,0.3166214594993365,-0.059621459499336504
399,"Abrams, CJ",21.3,6.6,0.322,0.3041030830067212,0.017896916993278833
400,"Greene, Riley",26.7,11.0,0.355,0.34460024905797565,0.010399750942024333
401,"Carroll, Corbin",19.0,10.7,0.325,0.3201208153822923,0.004879184617707699
402,"Henderson, Gunnar",22.1,10.8,0.381,0.3598429097902169,0.021157090209783125
403,"Volpe, Anthony",22.6,6.1,0.287,0.28307934087284387,0.003920659127156112
404,"Stefanic, Michael",16.1,8.1,0.258,0.24678486250511844,0.011215137494881566
405,"Baty, Brett",24.6,9.4,0.282,0.290517742428619,-0.008517742428619024
406,"Vaughn, Andrew",21.3,6.1,0.304,0.31289379365137937,-0.008893793651379378
407,"Busch, Michael",28.6,11.1,0.336,0.3142224112470712,0.021777588752928845
408,"Frelick, Sal",14.9,7.4,0.292,0.26265340308237606,0.029346596917623924
409,"Pasquantino, Vinnie",12.8,7.2,0.325,0.33612140906730675,-0.011121409067306742
410,"Canzone, Dominic",28.2,9.6,0.28,0.3152897625648019,-0.035289762564801874
411,"Dunn, Oliver",38.5,5.8,0.266,0.2617822915198343,0.004217708480165727
412,"Crews, Dylan",19.7,8.3,0.283,0.29848888852357425,-0.015488888523574273
413,"Doyle, Brenton",25.4,7.6,0.328,0.3222205055770678,0.005779494422932241
414,"Lee, Korey",31.0,4.3,0.257,0.2739228205378582,-0.016922820537858208
415,"Massey, Michael",15.7,4.2,0.317,0.3007460763397206,0.01625392366027939
416,"Pagés, Pedro",26.6,6.0,0.286,0.27907234623149896,0.006927653768501019
417,"Lee, Brooks",14.6,5.9,0.252,0.2944883114716962,-0.04248831147169618
418,"Brennan, Will",13.6,5.4,0.303,0.2939539577508997,0.009046042249100272
419,"Grissom, Vaughn",21.1,6.1,0.213,0.30490091591828394,-0.09190091591828395
420,"Hernaiz, Darell",20.0,8.1,0.23,0.2854164154114607,-0.05541641541146067
421,"Neto, Zach",23.3,6.5,0.33,0.2887213622685317,0.04127863773146834
422,"Scott II, Victor",27.1,3.9,0.221,0.265111829365321,-0.044111829365321015
423,"Ortiz, Joey",20.2,11.0,0.319,0.2984998924013389,0.02050010759866111
424,"Horwitz, Spencer",18.4,11.0,0.344,0.32936943792654527,0.0146305620734547
425,"McCray, Grant",43.1,4.6,0.266,0.24908402667210577,0.01691597332789424
426,"Beck, Jordan",35.3,6.5,0.231,0.2553595113243486,-0.024359511324348576
427,"Encarnacion-Strand, Christian",28.5,3.3,0.223,0.258707787448612,-0.035707787448612
428,"Wisely, Brett",23.9,4.8,0.272,0.2528864900248224,0.019113509975177634
429,"Keith, Colt",19.8,6.5,0.301,0.29949368976625196,0.0015063102337480316
430,"Soderstrom, Tyler",24.9,9.4,0.322,0.3264313200825755,-0.004431320082575518
431,"Walker, Jordan",28.1,5.6,0.268,0.28694243052689616,-0.018942430526896148
432,"Winn, Masyn",17.1,6.4,0.315,0.29902532885140093,0.015974671148599073
433,"Caminero, Junior",21.5,6.2,0.309,0.3054172268489464,0.0035827731510535976
434,"Crow-Armstrong, Pete",23.9,5.1,0.289,0.2900971589141777,-0.0010971589141777205
435,"Gonzales, Nick",19.1,4.7,0.307,0.30022328754324723,0.006776712456752765
436,"Chourio, Jackson",21.1,6.8,0.339,0.31449869742916575,0.02450130257083427
437,"Kavadas, Niko",38.7,10.4,0.278,0.30223831383561256,-0.024238313835612535
438,"Schanuel, Nolan",17.0,11.2,0.315,0.3021555016266309,0.012844498373369095
439,"Loperfido, Joey",36.3,5.0,0.268,0.2630294675866631,0.004970532413336892
440,"Carter, Evan",26.5,9.3,0.278,0.2714339393377776,0.006566060662222428
441,"Langford, Wyatt",20.6,9.2,0.321,0.3208819929907293,0.00011800700927072638
442,"Harris, Brett",20.3,13.8,0.252,0.31762865549107727,-0.06562865549107727
443,"Wood, James",28.9,11.6,0.342,0.33718322168552256,0.004816778314477466
444,"Goodman, Hunter",28.6,3.6,0.274,0.2784788484121609,-0.004478848412160896
445,"Young, Jacob",19.6,5.8,0.29,0.2606638922727157,0.02933610772728429
446,"Sweeney, Trey",26.9,5.9,0.279,0.2803405451321311,-0.0013405451321310546
447,"Rice, Ben",27.0,11.2,0.269,0.3125662350204653,-0.043566235020465305
448,"Manzardo, Kyle",26.3,5.8,0.303,0.2777312823355087,0.02526871766449129
449,"Merrill, Jackson",17.0,4.9,0.352,0.34100873321886144,0.010991266781138542
450,"Lipscomb III, Trey",19.0,7.6,0.231,0.2705647164662257,-0.0395647164662257
451,"Holliday, Jackson",33.2,7.2,0.251,0.2578226157738573,-0.006822615773857288
452,"Wilson Jr., Jacob",9.7,7.8,0.281,0.27490842167088,0.006091578329120051
453,"Yoshida, Masataka",12.4,6.4,0.336,0.327092996157739,0.008907003842261008
454,"Lee, Jung Hoo",8.2,6.3,0.284,0.3201853577420912,-0.03618535774209125
